ID,P18_genere,P19_edat,P21_salari_brut_anual,P22_urba_rural,P22_provincia
1,R18_dona,R19_16-24anys,R21_menys_11000,R22_semidens,R22_barcelona
2,R18_home,R19_25-34anys,R21_17000-24999,R22_urba,R22_barcelona
3,R18_home,R19_25-34anys,R21_50000_mes,R22_urba,R22_barcelona
4,R18_home,R19_25-34anys,R21_36000-49999,R22_urba,R22_barcelona
5,R18_dona,R19_25-34anys,R21_17000-24999,R22_urba,R22_barcelona
6,R18_home,R19_55-64anys,R21_50000_mes,R22_semidens,R22_barcelona
7,R18_home,R19_25-34anys,R21_17000-24999,R22_urba,R22_barcelona
8,R18_dona,R19_55-64anys,R21_50000_mes,R22_semidens,R22_tarragona
10,R18_home,R19_65anys_mes,R21_25000-35999,R22_urba,R22_barcelona
11,R18_home,R19_65anys_mes,R21_25000-35999,R22_urba,R22_tarragona
13,R18_home,R19_55-64anys,R21_50000_mes,R22_urba,R22_barcelona
14,R18_dona,R19_16-24anys,R21_menys_11000,R22_urba,R22_barcelona
15,R18_home,R19_35-44anys,R21_25000-35999,R22_urba,R22_barcelona
16,R18_dona,R19_16-24anys,R21_17000-24999,R22_urba,R22_barcelona
17,R18_dona,R19_16-24anys,R21_menys_11000,R22_urba,R22_barcelona
18,R18_dona,R19_55-64anys,R21_25000-35999,R22_urba,R22_tarragona
19,R18_home,R19_25-34anys,R21_25000-35999,R22_urba,R22_barcelona
20,R18_home,R19_16-24anys,R21_11000-16999,R22_urba,R22_barcelona
21,R18_home,R19_16-24anys,R21_menys_11000,R22_urba,R22_barcelona
22,R18_home,R19_16-24anys,R21_menys_11000,R22_urba,R22_barcelona
23,R18_dona,R19_16-24anys,R21_menys_11000,R22_urba,R22_barcelona
24,R18_dona,R19_35-44anys,R21_11000-16999,R22_rural,R22_lleida
25,R18_home,R19_55-64anys,R21_25000-35999,R22_urba,R22_barcelona
26,R18_home,R19_55-64anys,R21_50000_mes,R22_urba,R22_barcelona
27,R18_home,R19_45-54anys,R21_50000_mes,R22_semidens,R22_barcelona
28,R18_home,R19_35-44anys,R21_25000-35999,R22_urba,R22_barcelona
29,R18_home,R19_25-34anys,R21_11000-16999,R22_urba,R22_barcelona
31,R18_home,R19_45-54anys,R21_25000-35999,R22_urba,R22_barcelona
32,R18_home,R19_65anys_mes,R21_50000_mes,R22_rural,R22_barcelona
33,R18_dona,R19_35-44anys,R21_36000-49999,R22_urba,R22_barcelona
34,R18_dona,R19_16-24anys,R21_menys_11000,R22_urba,R22_barcelona
36,R18_dona,R19_65anys_mes,R21_17000-24999,R22_urba,R22_barcelona
37,R18_dona,R19_55-64anys,R21_25000-35999,R22_semidens,R22_barcelona
38,R18_dona,R19_65anys_mes,R21_25000-35999,R22_urba,R22_barcelona
41,R18_dona,R19_65anys_mes,R21_17000-24999,R22_urba,R22_barcelona
42,R18_dona,R19_55-64anys,R21_36000-49999,R22_urba,R22_barcelona
43,R18_dona,R19_55-64anys,R21_25000-35999,R22_urba,R22_barcelona
44,R18_dona,R19_45-54anys,R21_25000-35999,R22_urba,R22_barcelona
45,R18_dona,R19_45-54anys,R21_36000-49999,R22_urba,R22_barcelona
47,R18_home,R19_35-44anys,R21_50000_mes,R22_urba,R22_barcelona
48,R18_dona,R19_25-34anys,R21_36000-49999,R22_urba,R22_barcelona
50,R18_home,R19_25-34anys,R21_36000-49999,R22_urba,R22_barcelona
51,R18_dona,R19_65anys_mes,R21_17000-24999,R22_urba,R22_barcelona
52,R18_dona,R19_16-24anys,R21_menys_11000,R22_urba,R22_barcelona
53,R18_home,R19_16-24anys,R21_17000-24999,R22_urba,R22_barcelona
54,R18_dona,R19_16-24anys,R21_menys_11000,R22_urba,R22_barcelona
55,R18_dona,R19_16-24anys,R21_menys_11000,R22_urba,R22_barcelona
57,R18_dona,R19_16-24anys,R21_menys_11000,R22_urba,R22_barcelona
58,R18_dona,R19_16-24anys,R21_menys_11000,R22_urba,R22_barcelona
59,R18_home,R19_65anys_mes,R21_17000-24999,R22_semidens,R22_barcelona
60,R18_dona,R19_16-24anys,R21_menys_11000,R22_urba,R22_barcelona
61,R18_dona,R19_45-54anys,R21_17000-24999,R22_urba,R22_barcelona
63,R18_dona,R19_65anys_mes,R21_11000-16999,R22_semidens,R22_barcelona
64,R18_dona,R19_16-24anys,R21_menys_11000,R22_urba,R22_barcelona
65,R18_dona,R19_16-24anys,R21_menys_11000,R22_urba,R22_barcelona
66,R18_dona,R19_55-64anys,R21_36000-49999,R22_urba,R22_barcelona
67,R18_home,R19_55-64anys,R21_25000-35999,R22_urba,R22_barcelona
68,R18_home,R19_65anys_mes,R21_25000-35999,R22_semidens,R22_barcelona
69,R18_dona,R19_55-64anys,R21_25000-35999,R22_urba,R22_girona
70,R18_dona,R19_35-44anys,R21_36000-49999,R22_rural,R22_barcelona
71,R18_home,R19_65anys_mes,R21_36000-49999,R22_urba,R22_barcelona
72,R18_dona,R19_16-24anys,R21_menys_11000,R22_urba,R22_barcelona
73,R18_dona,R19_65anys_mes,R21_36000-49999,R22_semidens,R22_barcelona
75,R18_dona,R19_55-64anys,R21_36000-49999,R22_urba,R22_barcelona
77,R18_dona,R19_65anys_mes,R21_25000-35999,R22_semidens,R22_girona
78,R18_dona,R19_55-64anys,R21_36000-49999,R22_urba,R22_barcelona
79,R18_dona,R19_65anys_mes,R21_17000-24999,R22_semidens,R22_barcelona
80,R18_home,R19_65anys_mes,R21_36000-49999,R22_semidens,R22_tarragona
81,R18_dona,R19_45-54anys,R21_25000-35999,R22_rural,R22_barcelona
82,R18_dona,R19_65anys_mes,R21_25000-35999,R22_semidens,R22_barcelona
83,R18_home,R19_25-34anys,R21_50000_mes,R22_urba,R22_barcelona
84,R18_dona,R19_35-44anys,R21_25000-35999,R22_urba,R22_barcelona
85,R18_dona,R19_55-64anys,R21_36000-49999,R22_urba,R22_barcelona
87,R18_dona,R19_16-24anys,R21_menys_11000,R22_urba,R22_barcelona
88,R18_dona,R19_25-34anys,R21_36000-49999,R22_urba,R22_barcelona
89,R18_home,R19_16-24anys,R21_menys_11000,R22_semidens,R22_barcelona
90,R18_dona,R19_16-24anys,R21_25000-35999,R22_urba,R22_barcelona
92,R18_dona,R19_25-34anys,R21_25000-35999,R22_urba,R22_barcelona
93,R18_home,R19_65anys_mes,R21_25000-35999,R22_semidens,R22_barcelona
94,R18_dona,R19_25-34anys,R21_menys_11000,R22_urba,R22_barcelona
95,R18_dona,R19_55-64anys,R21_25000-35999,R22_urba,R22_tarragona
96,R18_dona,R19_25-34anys,R21_17000-24999,R22_urba,R22_barcelona
97,R18_dona,R19_45-54anys,R21_25000-35999,R22_urba,R22_barcelona
98,R18_dona,R19_45-54anys,R21_36000-49999,R22_semidens,R22_barcelona
99,R18_home,R19_35-44anys,R21_25000-35999,R22_urba,R22_barcelona
100,R18_home,R19_35-44anys,R21_17000-24999,R22_urba,R22_barcelona
101,R18_home,R19_25-34anys,R21_36000-49999,R22_urba,R22_barcelona
102,R18_dona,R19_25-34anys,R21_25000-35999,R22_urba,R22_barcelona
104,R18_home,R19_35-44anys,R21_11000-16999,R22_urba,R22_barcelona
105,R18_home,R19_45-54anys,R21_36000-49999,R22_urba,R22_barcelona
107,R18_dona,R19_25-34anys,R21_17000-24999,R22_urba,R22_barcelona
108,R18_home,R19_45-54anys,R21_25000-35999,R22_urba,R22_barcelona
109,R18_home,R19_45-54anys,R21_25000-35999,R22_urba,R22_barcelona
110,R18_dona,R19_55-64anys,R21_25000-35999,R22_urba,R22_barcelona
111,R18_home,R19_65anys_mes,R21_36000-49999,R22_rural,R22_barcelona
112,R18_dona,R19_35-44anys,R21_17000-24999,R22_urba,R22_barcelona
113,R18_dona,R19_45-54anys,R21_50000_mes,R22_urba,R22_barcelona
114,R18_dona,R19_45-54anys,R21_50000_mes,R22_urba,R22_barcelona
115,R18_home,R19_25-34anys,R21_36000-49999,R22_urba,R22_barcelona
116,R18_dona,R19_65anys_mes,R21_25000-35999,R22_urba,R22_barcelona
117,R18_dona,R19_16-24anys,R21_menys_11000,R22_urba,R22_barcelona
118,R18_home,R19_16-24anys,R21_menys_11000,R22_urba,R22_barcelona
119,R18_dona,R19_25-34anys,R21_25000-35999,R22_urba,R22_barcelona
120,R18_dona,R19_45-54anys,R21_17000-24999,R22_urba,R22_barcelona
121,R18_dona,R19_65anys_mes,R21_36000-49999,R22_urba,R22_barcelona
122,R18_dona,R19_65anys_mes,R21_50000_mes,R22_urba,R22_barcelona
123,R18_dona,R19_25-34anys,R21_36000-49999,R22_urba,R22_barcelona
124,R18_dona,R19_25-34anys,R21_11000-16999,R22_urba,R22_barcelona
125,R18_dona,R19_16-24anys,R21_menys_11000,R22_semidens,R22_barcelona
126,R18_dona,R19_16-24anys,R21_menys_11000,R22_semidens,R22_barcelona
127,R18_home,R19_55-64anys,R21_25000-35999,R22_urba,R22_barcelona
129,R18_home,R19_35-44anys,R21_50000_mes,R22_urba,R22_girona
130,R18_dona,R19_35-44anys,R21_25000-35999,R22_urba,R22_girona
131,R18_dona,R19_55-64anys,R21_36000-49999,R22_urba,R22_barcelona
132,R18_dona,R19_25-34anys,R21_50000_mes,R22_urba,R22_barcelona
133,R18_dona,R19_55-64anys,R21_25000-35999,R22_semidens,R22_girona
134,R18_home,R19_45-54anys,R21_50000_mes,R22_urba,R22_barcelona
135,R18_dona,R19_25-34anys,R21_36000-49999,R22_urba,R22_barcelona
136,R18_dona,R19_45-54anys,R21_17000-24999,R22_urba,R22_barcelona
137,R18_dona,R19_55-64anys,R21_25000-35999,R22_semidens,R22_girona
138,R18_dona,R19_25-34anys,R21_17000-24999,R22_urba,R22_barcelona
139,R18_dona,R19_25-34anys,R21_11000-16999,R22_urba,R22_barcelona
140,R18_dona,R19_25-34anys,R21_50000_mes,R22_urba,R22_barcelona
141,R18_home,R19_45-54anys,R21_50000_mes,R22_urba,R22_barcelona
142,R18_home,R19_25-34anys,R21_50000_mes,R22_urba,R22_barcelona
143,R18_home,R19_45-54anys,R21_50000_mes,R22_semidens,R22_tarragona
144,R18_dona,R19_45-54anys,R21_25000-35999,R22_semidens,R22_girona
145,R18_home,R19_55-64anys,R21_36000-49999,R22_urba,R22_barcelona
146,R18_dona,R19_55-64anys,R21_25000-35999,R22_urba,R22_barcelona
147,R18_dona,R19_45-54anys,R21_36000-49999,R22_urba,R22_barcelona
148,R18_dona,R19_35-44anys,R21_25000-35999,R22_urba,R22_barcelona
149,R18_dona,R19_16-24anys,R21_menys_11000,R22_urba,R22_barcelona
150,R18_dona,R19_65anys_mes,R21_25000-35999,R22_urba,R22_barcelona
151,R18_home,R19_25-34anys,R21_36000-49999,R22_urba,R22_barcelona
152,R18_home,R19_55-64anys,R21_50000_mes,R22_urba,R22_barcelona
153,R18_dona,R19_45-54anys,R21_25000-35999,R22_urba,R22_barcelona
154,R18_dona,R19_25-34anys,R21_36000-49999,R22_urba,R22_barcelona
155,R18_dona,R19_55-64anys,R21_11000-16999,R22_urba,R22_barcelona
156,R18_dona,R19_45-54anys,R21_17000-24999,R22_urba,R22_barcelona
157,R18_home,R19_55-64anys,R21_50000_mes,R22_urba,R22_barcelona
158,R18_home,R19_25-34anys,R21_17000-24999,R22_urba,R22_barcelona
159,R18_dona,R19_55-64anys,R21_50000_mes,R22_urba,R22_barcelona
160,R18_home,R19_55-64anys,R21_50000_mes,R22_urba,R22_barcelona
161,R18_home,R19_65anys_mes,R21_17000-24999,R22_urba,R22_barcelona
162,R18_dona,R19_65anys_mes,R21_36000-49999,R22_urba,R22_barcelona
163,R18_dona,R19_25-34anys,R21_menys_11000,R22_urba,R22_barcelona
164,R18_dona,R19_25-34anys,R21_25000-35999,R22_semidens,R22_girona
165,R18_dona,R19_25-34anys,R21_25000-35999,R22_urba,R22_barcelona
166,R18_dona,R19_35-44anys,R21_menys_11000,R22_urba,R22_barcelona
167,R18_dona,R19_45-54anys,R21_17000-24999,R22_urba,R22_barcelona
168,R18_dona,R19_25-34anys,R21_50000_mes,R22_urba,R22_barcelona
169,R18_home,R19_65anys_mes,R21_36000-49999,R22_urba,R22_barcelona
170,R18_dona,R19_65anys_mes,R21_25000-35999,R22_urba,R22_barcelona
171,R18_dona,R19_55-64anys,R21_50000_mes,R22_urba,R22_barcelona
172,R18_dona,R19_35-44anys,R21_17000-24999,R22_urba,R22_barcelona
174,R18_home,R19_35-44anys,R21_50000_mes,R22_semidens,R22_barcelona
175,R18_dona,R19_45-54anys,R21_25000-35999,R22_urba,R22_barcelona
176,R18_dona,R19_55-64anys,R21_25000-35999,R22_urba,R22_barcelona
177,R18_home,R19_55-64anys,R21_50000_mes,R22_urba,R22_barcelona
179,R18_home,R19_35-44anys,R21_36000-49999,R22_urba,R22_barcelona
180,R18_dona,R19_25-34anys,R21_25000-35999,R22_semidens,R22_barcelona
181,R18_dona,R19_45-54anys,R21_50000_mes,R22_urba,R22_barcelona
182,R18_home,R19_55-64anys,R21_50000_mes,R22_urba,R22_barcelona
183,R18_home,R19_16-24anys,R21_25000-35999,R22_semidens,R22_barcelona
184,R18_dona,R19_45-54anys,R21_50000_mes,R22_semidens,R22_tarragona
185,R18_dona,R19_45-54anys,R21_25000-35999,R22_urba,R22_barcelona
186,R18_home,R19_55-64anys,R21_50000_mes,R22_urba,R22_barcelona
187,R18_home,R19_45-54anys,R21_36000-49999,R22_urba,R22_barcelona
188,R18_dona,R19_45-54anys,R21_17000-24999,R22_urba,R22_barcelona
189,R18_dona,R19_55-64anys,R21_50000_mes,R22_urba,R22_barcelona
190,R18_dona,R19_55-64anys,R21_50000_mes,R22_urba,R22_barcelona
191,R18_dona,R19_45-54anys,R21_36000-49999,R22_urba,R22_barcelona
192,R18_home,R19_16-24anys,R21_menys_11000,R22_urba,R22_barcelona
193,R18_home,R19_45-54anys,R21_50000_mes,R22_urba,R22_barcelona
194,R18_dona,R19_25-34anys,R21_17000-24999,R22_urba,R22_barcelona
195,R18_dona,R19_45-54anys,R21_36000-49999,R22_urba,R22_barcelona
196,R18_dona,R19_65anys_mes,R21_25000-35999,R22_urba,R22_barcelona
197,R18_home,R19_65anys_mes,R21_25000-35999,R22_urba,R22_barcelona
198,R18_dona,R19_16-24anys,R21_menys_11000,R22_semidens,R22_tarragona
199,R18_home,R19_45-54anys,R21_36000-49999,R22_semidens,R22_barcelona
200,R18_dona,R19_35-44anys,R21_36000-49999,R22_urba,R22_barcelona
201,R18_home,R19_25-34anys,R21_50000_mes,R22_urba,R22_barcelona
202,R18_dona,R19_35-44anys,R21_50000_mes,R22_semidens,R22_barcelona
204,R18_dona,R19_55-64anys,R21_25000-35999,R22_urba,R22_barcelona
205,R18_dona,R19_16-24anys,R21_25000-35999,R22_urba,R22_barcelona
206,R18_dona,R19_45-54anys,R21_36000-49999,R22_urba,R22_barcelona
207,R18_dona,R19_45-54anys,R21_25000-35999,R22_urba,R22_barcelona
208,R18_home,R19_65anys_mes,R21_36000-49999,R22_urba,R22_barcelona
209,R18_dona,R19_35-44anys,R21_36000-49999,R22_urba,R22_barcelona
210,R18_dona,R19_55-64anys,R21_17000-24999,R22_urba,R22_barcelona
211,R18_dona,R19_45-54anys,R21_36000-49999,R22_semidens,R22_tarragona
212,R18_home,R19_55-64anys,R21_50000_mes,R22_urba,R22_barcelona
213,R18_dona,R19_65anys_mes,R21_17000-24999,R22_urba,R22_barcelona
214,R18_dona,R19_35-44anys,R21_25000-35999,R22_urba,R22_barcelona
215,R18_dona,R19_16-24anys,R21_menys_11000,R22_semidens,R22_tarragona
216,R18_dona,R19_16-24anys,R21_menys_11000,R22_semidens,R22_tarragona
217,R18_dona,R19_55-64anys,R21_25000-35999,R22_urba,R22_barcelona
218,R18_home,R19_35-44anys,R21_36000-49999,R22_urba,R22_barcelona
219,R18_dona,R19_45-54anys,R21_17000-24999,R22_semidens,R22_tarragona
220,R18_dona,R19_25-34anys,R21_25000-35999,R22_semidens,R22_tarragona
221,R18_dona,R19_35-44anys,R21_50000_mes,R22_urba,R22_barcelona
222,R18_home,R19_55-64anys,R21_50000_mes,R22_urba,R22_barcelona
223,R18_dona,R19_55-64anys,R21_50000_mes,R22_urba,R22_barcelona
224,R18_home,R19_25-34anys,R21_25000-35999,R22_urba,R22_barcelona
225,R18_home,R19_45-54anys,R21_50000_mes,R22_urba,R22_barcelona
226,R18_dona,R19_25-34anys,R21_menys_11000,R22_urba,R22_barcelona
227,R18_dona,R19_35-44anys,R21_menys_11000,R22_urba,R22_barcelona
228,R18_dona,R19_35-44anys,R21_17000-24999,R22_urba,R22_barcelona
229,R18_home,R19_45-54anys,R21_50000_mes,R22_urba,R22_barcelona
230,R18_dona,R19_25-34anys,R21_menys_11000,R22_urba,R22_barcelona
231,R18_dona,R19_45-54anys,R21_25000-35999,R22_urba,R22_barcelona
232,R18_dona,R19_65anys_mes,R21_menys_11000,R22_urba,R22_barcelona
233,R18_dona,R19_35-44anys,R21_25000-35999,R22_urba,R22_barcelona
234,R18_home,R19_65anys_mes,R21_25000-35999,R22_urba,R22_barcelona
235,R18_dona,R19_35-44anys,R21_36000-49999,R22_urba,R22_barcelona
236,R18_dona,R19_45-54anys,R21_36000-49999,R22_urba,R22_barcelona
237,R18_dona,R19_65anys_mes,R21_17000-24999,R22_urba,R22_barcelona
238,R18_dona,R19_45-54anys,R21_50000_mes,R22_urba,R22_barcelona
239,R18_home,R19_16-24anys,R21_menys_11000,R22_urba,R22_barcelona
240,R18_dona,R19_65anys_mes,R21_25000-35999,R22_urba,R22_barcelona
241,R18_dona,R19_35-44anys,R21_11000-16999,R22_urba,R22_barcelona
242,R18_dona,R19_45-54anys,R21_50000_mes,R22_urba,R22_barcelona
243,R18_dona,R19_16-24anys,R21_menys_11000,R22_urba,R22_barcelona
244,R18_dona,R19_45-54anys,R21_25000-35999,R22_urba,R22_barcelona
245,R18_dona,R19_45-54anys,R21_50000_mes,R22_urba,R22_barcelona
246,R18_home,R19_35-44anys,R21_50000_mes,R22_urba,R22_barcelona
247,R18_dona,R19_35-44anys,R21_50000_mes,R22_urba,R22_barcelona
248,R18_dona,R19_35-44anys,R21_25000-35999,R22_urba,R22_barcelona
249,R18_dona,R19_25-34anys,R21_50000_mes,R22_urba,R22_barcelona
250,R18_dona,R19_35-44anys,R21_25000-35999,R22_urba,R22_barcelona
251,R18_home,R19_55-64anys,R21_50000_mes,R22_urba,R22_barcelona
255,R18_dona,R19_25-34anys,R21_36000-49999,R22_urba,R22_barcelona
256,R18_home,R19_35-44anys,R21_50000_mes,R22_urba,R22_barcelona
257,R18_dona,R19_35-44anys,R21_50000_mes,R22_urba,R22_barcelona
258,R18_home,R19_25-34anys,R21_36000-49999,R22_urba,R22_barcelona
259,R18_dona,R19_25-34anys,R21_50000_mes,R22_urba,R22_barcelona
260,R18_home,R19_35-44anys,R21_50000_mes,R22_urba,R22_barcelona
261,R18_dona,R19_16-24anys,R21_menys_11000,R22_urba,R22_barcelona
262,R18_dona,R19_55-64anys,R21_36000-49999,R22_urba,R22_barcelona
263,R18_dona,R19_55-64anys,R21_menys_11000,R22_urba,R22_barcelona
264,R18_dona,R19_25-34anys,R21_menys_11000,R22_urba,R22_barcelona
265,R18_dona,R19_25-34anys,R21_25000-35999,R22_urba,R22_barcelona
266,R18_dona,R19_25-34anys,R21_17000-24999,R22_semidens,R22_lleida
267,R18_dona,R19_25-34anys,R21_25000-35999,R22_semidens,R22_lleida
268,R18_home,R19_25-34anys,R21_17000-24999,R22_semidens,R22_barcelona
270,R18_home,R19_25-34anys,R21_17000-24999,R22_semidens,R22_lleida
271,R18_dona,R19_65anys_mes,R21_50000_mes,R22_urba,R22_barcelona
273,R18_home,R19_16-24anys,R21_25000-35999,R22_semidens,R22_girona
274,R18_dona,R19_16-24anys,R21_25000-35999,R22_urba,R22_girona
275,R18_dona,R19_45-54anys,R21_25000-35999,R22_semidens,R22_girona
276,R18_home,R19_25-34anys,R21_50000_mes,R22_urba,R22_barcelona
277,R18_dona,R19_25-34anys,R21_17000-24999,R22_semidens,R22_girona
278,R18_dona,R19_35-44anys,R21_17000-24999,R22_rural,R22_barcelona
279,R18_dona,R19_55-64anys,R21_25000-35999,R22_urba,R22_girona
280,R18_dona,R19_65anys_mes,R21_36000-49999,R22_urba,R22_barcelona
281,R18_dona,R19_25-34anys,R21_25000-35999,R22_semidens,R22_girona
283,R18_dona,R19_25-34anys,R21_17000-24999,R22_semidens,R22_lleida
284,R18_dona,R19_25-34anys,R21_25000-35999,R22_semidens,R22_girona
285,R18_dona,R19_25-34anys,R21_25000-35999,R22_urba,R22_barcelona
286,R18_dona,R19_25-34anys,R21_25000-35999,R22_urba,R22_barcelona
287,R18_dona,R19_25-34anys,R21_17000-24999,R22_urba,R22_girona
288,R18_home,R19_45-54anys,R21_36000-49999,R22_urba,R22_barcelona
289,R18_dona,R19_25-34anys,R21_17000-24999,R22_urba,R22_girona
290,R18_dona,R19_25-34anys,R21_25000-35999,R22_semidens,R22_girona
291,R18_dona,R19_25-34anys,R21_17000-24999,R22_urba,R22_girona
292,R18_dona,R19_25-34anys,R21_25000-35999,R22_semidens,R22_girona
293,R18_home,R19_25-34anys,R21_36000-49999,R22_urba,R22_girona
294,R18_dona,R19_25-34anys,R21_36000-49999,R22_urba,R22_girona
295,R18_dona,R19_55-64anys,R21_50000_mes,R22_urba,R22_barcelona
296,R18_dona,R19_25-34anys,R21_25000-35999,R22_urba,R22_barcelona
297,R18_dona,R19_25-34anys,R21_17000-24999,R22_semidens,R22_girona
298,R18_dona,R19_16-24anys,R21_11000-16999,R22_semidens,R22_barcelona
299,R18_dona,R19_25-34anys,R21_25000-35999,R22_semidens,R22_girona
300,R18_dona,R19_16-24anys,R21_menys_11000,R22_semidens,R22_barcelona
301,R18_dona,R19_16-24anys,R21_menys_11000,R22_semidens,R22_barcelona
302,R18_dona,R19_65anys_mes,R21_25000-35999,R22_urba,R22_barcelona
303,R18_home,R19_25-34anys,R21_17000-24999,R22_urba,R22_barcelona
304,R18_dona,R19_25-34anys,R21_25000-35999,R22_urba,R22_barcelona
306,R18_dona,R19_25-34anys,R21_17000-24999,R22_urba,R22_girona
307,R18_dona,R19_25-34anys,R21_17000-24999,R22_semidens,R22_lleida
310,R18_dona,R19_25-34anys,R21_menys_11000,R22_urba,R22_girona
311,R18_dona,R19_25-34anys,R21_11000-16999,R22_semidens,R22_girona
312,R18_dona,R19_25-34anys,R21_25000-35999,R22_semidens,R22_barcelona
313,R18_dona,R19_16-24anys,R21_17000-24999,R22_semidens,R22_barcelona
314,R18_dona,R19_25-34anys,R21_36000-49999,R22_urba,R22_girona
315,R18_dona,R19_25-34anys,R21_17000-24999,R22_semidens,R22_barcelona
316,R18_dona,R19_25-34anys,R21_25000-35999,R22_urba,R22_barcelona
317,R18_dona,R19_25-34anys,R21_25000-35999,R22_urba,R22_barcelona
318,R18_home,R19_35-44anys,R21_50000_mes,R22_urba,R22_barcelona
319,R18_dona,R19_16-24anys,R21_menys_11000,R22_rural,R22_barcelona
320,R18_dona,R19_16-24anys,R21_menys_11000,R22_urba,R22_barcelona
321,R18_dona,R19_25-34anys,R21_menys_11000,R22_urba,R22_barcelona
322,R18_dona,R19_25-34anys,R21_11000-16999,R22_urba,R22_barcelona
323,R18_dona,R19_16-24anys,R21_menys_11000,R22_urba,R22_barcelona
324,R18_home,R19_55-64anys,R21_25000-35999,R22_semidens,R22_barcelona
325,R18_dona,R19_55-64anys,R21_25000-35999,R22_urba,R22_barcelona
326,R18_dona,R19_55-64anys,R21_17000-24999,R22_urba,R22_barcelona
327,R18_dona,R19_45-54anys,R21_25000-35999,R22_urba,R22_barcelona
328,R18_home,R19_25-34anys,R21_36000-49999,R22_urba,R22_barcelona
329,R18_home,R19_35-44anys,R21_25000-35999,R22_urba,R22_barcelona
330,R18_home,R19_25-34anys,R21_11000-16999,R22_urba,R22_barcelona
331,R18_home,R19_35-44anys,R21_17000-24999,R22_urba,R22_barcelona
332,R18_home,R19_45-54anys,R21_50000_mes,R22_semidens,R22_girona
333,R18_dona,R19_16-24anys,R21_menys_11000,R22_urba,R22_barcelona
335,R18_dona,R19_25-34anys,R21_17000-24999,R22_urba,R22_barcelona
336,R18_dona,R19_55-64anys,R21_11000-16999,R22_urba,R22_barcelona
337,R18_dona,R19_25-34anys,R21_25000-35999,R22_urba,R22_barcelona
338,R18_dona,R19_25-34anys,R21_25000-35999,R22_urba,R22_barcelona
339,R18_home,R19_45-54anys,R21_50000_mes,R22_urba,R22_barcelona
340,R18_dona,R19_55-64anys,R21_36000-49999,R22_semidens,R22_tarragona
341,R18_dona,R19_55-64anys,R21_50000_mes,R22_urba,R22_barcelona
342,R18_dona,R19_55-64anys,R21_36000-49999,R22_urba,R22_barcelona
343,R18_home,R19_35-44anys,R21_36000-49999,R22_urba,R22_barcelona
344,R18_home,R19_25-34anys,R21_25000-35999,R22_urba,R22_barcelona
345,R18_dona,R19_35-44anys,R21_36000-49999,R22_urba,R22_barcelona
346,R18_dona,R19_35-44anys,R21_25000-35999,R22_urba,R22_barcelona
347,R18_dona,R19_55-64anys,R21_25000-35999,R22_urba,R22_barcelona
348,R18_dona,R19_35-44anys,R21_50000_mes,R22_urba,R22_barcelona
349,R18_dona,R19_55-64anys,R21_17000-24999,R22_urba,R22_barcelona
350,R18_home,R19_25-34anys,R21_36000-49999,R22_urba,R22_barcelona
351,R18_dona,R19_25-34anys,R21_17000-24999,R22_urba,R22_barcelona
352,R18_dona,R19_25-34anys,R21_36000-49999,R22_urba,R22_barcelona
353,R18_dona,R19_25-34anys,R21_25000-35999,R22_urba,R22_barcelona
354,R18_dona,R19_55-64anys,R21_36000-49999,R22_semidens,R22_barcelona
355,R18_home,R19_25-34anys,R21_11000-16999,R22_urba,R22_lleida
356,R18_home,R19_25-34anys,R21_36000-49999,R22_rural,R22_lleida
357,R18_dona,R19_25-34anys,R21_25000-35999,R22_semidens,R22_lleida
358,R18_dona,R19_25-34anys,R21_25000-35999,R22_semidens,R22_lleida
359,R18_home,R19_25-34anys,R21_17000-24999,R22_urba,R22_barcelona
360,R18_home,R19_55-64anys,R21_50000_mes,R22_urba,R22_barcelona
361,R18_dona,R19_45-54anys,R21_50000_mes,R22_urba,R22_barcelona
362,R18_dona,R19_45-54anys,R21_25000-35999,R22_urba,R22_barcelona
363,R18_dona,R19_35-44anys,R21_25000-35999,R22_semidens,R22_lleida
364,R18_dona,R19_45-54anys,R21_36000-49999,R22_urba,R22_barcelona
365,R18_dona,R19_35-44anys,R21_36000-49999,R22_urba,R22_barcelona
366,R18_home,R19_25-34anys,R21_17000-24999,R22_semidens,R22_lleida
367,R18_dona,R19_45-54anys,R21_36000-49999,R22_urba,R22_barcelona
368,R18_dona,R19_25-34anys,R21_17000-24999,R22_urba,R22_barcelona
369,R18_dona,R19_35-44anys,R21_36000-49999,R22_urba,R22_barcelona
370,R18_dona,R19_45-54anys,R21_36000-49999,R22_urba,R22_barcelona
371,R18_dona,R19_25-34anys,R21_25000-35999,R22_urba,R22_barcelona
372,R18_dona,R19_45-54anys,R21_17000-24999,R22_rural,R22_girona
373,R18_dona,R19_35-44anys,R21_25000-35999,R22_urba,R22_barcelona
374,R18_home,R19_45-54anys,R21_36000-49999,R22_urba,R22_barcelona
375,R18_dona,R19_25-34anys,R21_11000-16999,R22_rural,R22_barcelona
376,R18_home,R19_35-44anys,R21_36000-49999,R22_semidens,R22_barcelona
377,R18_dona,R19_25-34anys,R21_36000-49999,R22_semidens,R22_barcelona
378,R18_dona,R19_25-34anys,R21_17000-24999,R22_urba,R22_barcelona
379,R18_dona,R19_35-44anys,R21_17000-24999,R22_semidens,R22_tarragona
380,R18_dona,R19_35-44anys,R21_25000-35999,R22_urba,R22_barcelona
381,R18_dona,R19_35-44anys,R21_11000-16999,R22_urba,R22_barcelona
382,R18_home,R19_45-54anys,R21_17000-24999,R22_urba,R22_barcelona
383,R18_home,R19_25-34anys,R21_17000-24999,R22_urba,R22_barcelona
384,R18_dona,R19_45-54anys,R21_36000-49999,R22_semidens,R22_barcelona
386,R18_home,R19_16-24anys,R21_menys_11000,R22_urba,R22_barcelona
387,R18_dona,R19_35-44anys,R21_25000-35999,R22_urba,R22_barcelona
388,R18_home,R19_25-34anys,R21_17000-24999,R22_urba,R22_barcelona
389,R18_home,R19_45-54anys,R21_25000-35999,R22_urba,R22_barcelona
390,R18_dona,R19_45-54anys,R21_36000-49999,R22_semidens,R22_tarragona
391,R18_dona,R19_45-54anys,R21_36000-49999,R22_urba,R22_barcelona
392,R18_dona,R19_65anys_mes,R21_25000-35999,R22_semidens,R22_tarragona
393,R18_dona,R19_45-54anys,R21_36000-49999,R22_urba,R22_barcelona
394,R18_home,R19_25-34anys,R21_25000-35999,R22_urba,R22_barcelona
395,R18_home,R19_55-64anys,R21_50000_mes,R22_semidens,R22_tarragona
396,R18_dona,R19_25-34anys,R21_36000-49999,R22_urba,R22_barcelona
397,R18_dona,R19_55-64anys,R21_11000-16999,R22_urba,R22_barcelona
398,R18_dona,R19_45-54anys,R21_36000-49999,R22_urba,R22_barcelona
399,R18_dona,R19_45-54anys,R21_25000-35999,R22_semidens,R22_barcelona
400,R18_dona,R19_25-34anys,R21_17000-24999,R22_semidens,R22_lleida
401,R18_dona,R19_35-44anys,R21_menys_11000,R22_urba,R22_barcelona
402,R18_dona,R19_45-54anys,R21_36000-49999,R22_urba,R22_barcelona
403,R18_dona,R19_25-34anys,R21_17000-24999,R22_urba,R22_girona
404,R18_dona,R19_65anys_mes,R21_25000-35999,R22_urba,R22_barcelona
405,R18_home,R19_35-44anys,R21_50000_mes,R22_semidens,R22_barcelona
406,R18_home,R19_45-54anys,R21_50000_mes,R22_urba,R22_barcelona
407,R18_dona,R19_25-34anys,R21_25000-35999,R22_urba,R22_barcelona
408,R18_dona,R19_45-54anys,R21_36000-49999,R22_semidens,R22_barcelona
409,R18_dona,R19_45-54anys,R21_36000-49999,R22_urba,R22_barcelona
410,R18_home,R19_25-34anys,R21_17000-24999,R22_urba,R22_barcelona
411,R18_dona,R19_65anys_mes,R21_25000-35999,R22_urba,R22_barcelona
412,R18_dona,R19_45-54anys,R21_50000_mes,R22_semidens,R22_girona
413,R18_dona,R19_35-44anys,R21_36000-49999,R22_urba,R22_barcelona
414,R18_dona,R19_45-54anys,R21_50000_mes,R22_semidens,R22_barcelona
415,R18_dona,R19_25-34anys,R21_25000-35999,R22_semidens,R22_lleida
416,R18_dona,R19_45-54anys,R21_25000-35999,R22_rural,R22_girona
417,R18_dona,R19_65anys_mes,R21_25000-35999,R22_urba,R22_barcelona
419,R18_dona,R19_65anys_mes,R21_25000-35999,R22_urba,R22_barcelona
421,R18_home,R19_65anys_mes,R21_25000-35999,R22_urba,R22_barcelona
422,R18_dona,R19_65anys_mes,R21_25000-35999,R22_urba,R22_barcelona
423,R18_dona,R19_35-44anys,R21_50000_mes,R22_urba,R22_barcelona
424,R18_dona,R19_55-64anys,R21_36000-49999,R22_urba,R22_barcelona
425,R18_dona,R19_65anys_mes,R21_11000-16999,R22_urba,R22_barcelona
426,R18_dona,R19_25-34anys,R21_17000-24999,R22_semidens,R22_lleida
428,R18_home,R19_25-34anys,R21_25000-35999,R22_urba,R22_barcelona
429,R18_home,R19_25-34anys,R21_36000-49999,R22_semidens,R22_lleida
430,R18_dona,R19_55-64anys,R21_36000-49999,R22_semidens,R22_barcelona
431,R18_dona,R19_35-44anys,R21_25000-35999,R22_urba,R22_barcelona
432,R18_dona,R19_55-64anys,R21_50000_mes,R22_urba,R22_barcelona
433,R18_dona,R19_55-64anys,R21_50000_mes,R22_urba,R22_barcelona
434,R18_home,R19_45-54anys,R21_36000-49999,R22_urba,R22_barcelona
435,R18_dona,R19_65anys_mes,R21_25000-35999,R22_semidens,R22_barcelona
436,R18_dona,R19_25-34anys,R21_17000-24999,R22_urba,R22_barcelona
437,R18_dona,R19_55-64anys,R21_25000-35999,R22_urba,R22_barcelona
438,R18_dona,R19_35-44anys,R21_25000-35999,R22_urba,R22_barcelona
439,R18_dona,R19_55-64anys,R21_36000-49999,R22_urba,R22_barcelona
440,R18_dona,R19_55-64anys,R21_25000-35999,R22_urba,R22_barcelona
441,R18_dona,R19_25-34anys,R21_17000-24999,R22_semidens,R22_barcelona
442,R18_dona,R19_55-64anys,R21_36000-49999,R22_semidens,R22_barcelona
443,R18_dona,R19_25-34anys,R21_25000-35999,R22_semidens,R22_barcelona
444,R18_dona,R19_65anys_mes,R21_25000-35999,R22_urba,R22_girona
445,R18_dona,R19_45-54anys,R21_17000-24999,R22_urba,R22_barcelona
446,R18_dona,R19_55-64anys,R21_36000-49999,R22_urba,R22_barcelona
447,R18_dona,R19_65anys_mes,R21_25000-35999,R22_urba,R22_barcelona
448,R18_home,R19_65anys_mes,R21_36000-49999,R22_urba,R22_barcelona
449,R18_dona,R19_65anys_mes,R21_50000_mes,R22_urba,R22_barcelona
450,R18_dona,R19_55-64anys,R21_50000_mes,R22_urba,R22_girona
451,R18_dona,R19_35-44anys,R21_50000_mes,R22_urba,R22_barcelona
452,R18_home,R19_55-64anys,R21_50000_mes,R22_urba,R22_barcelona
453,R18_dona,R19_45-54anys,R21_36000-49999,R22_urba,R22_barcelona
454,R18_home,R19_35-44anys,R21_25000-35999,R22_urba,R22_barcelona
455,R18_dona,R19_35-44anys,R21_25000-35999,R22_urba,R22_barcelona
456,R18_dona,R19_35-44anys,R21_36000-49999,R22_urba,R22_barcelona
457,R18_home,R19_16-24anys,R21_11000-16999,R22_urba,R22_barcelona
458,R18_dona,R19_35-44anys,R21_36000-49999,R22_urba,R22_barcelona
459,R18_dona,R19_45-54anys,R21_36000-49999,R22_urba,R22_barcelona
460,R18_dona,R19_45-54anys,R21_50000_mes,R22_urba,R22_barcelona
461,R18_dona,R19_25-34anys,R21_25000-35999,R22_urba,R22_barcelona
462,R18_home,R19_25-34anys,R21_36000-49999,R22_urba,R22_barcelona
463,R18_home,R19_35-44anys,R21_25000-35999,R22_urba,R22_barcelona
464,R18_home,R19_25-34anys,R21_50000_mes,R22_urba,R22_barcelona
465,R18_dona,R19_25-34anys,R21_25000-35999,R22_urba,R22_barcelona
466,R18_dona,R19_25-34anys,R21_36000-49999,R22_urba,R22_barcelona
467,R18_home,R19_45-54anys,R21_50000_mes,R22_urba,R22_barcelona
468,R18_home,R19_25-34anys,R21_36000-49999,R22_urba,R22_barcelona
469,R18_home,R19_25-34anys,R21_17000-24999,R22_urba,R22_barcelona
470,R18_dona,R19_55-64anys,R21_36000-49999,R22_urba,R22_barcelona
471,R18_home,R19_25-34anys,R21_50000_mes,R22_urba,R22_barcelona
472,R18_dona,R19_55-64anys,R21_36000-49999,R22_urba,R22_barcelona
473,R18_home,R19_45-54anys,R21_50000_mes,R22_urba,R22_barcelona
474,R18_home,R19_25-34anys,R21_36000-49999,R22_urba,R22_barcelona
475,R18_home,R19_25-34anys,R21_25000-35999,R22_urba,R22_barcelona
476,R18_dona,R19_35-44anys,R21_50000_mes,R22_urba,R22_barcelona
477,R18_home,R19_25-34anys,R21_50000_mes,R22_urba,R22_barcelona
478,R18_dona,R19_25-34anys,R21_25000-35999,R22_urba,R22_barcelona
479,R18_home,R19_35-44anys,R21_36000-49999,R22_urba,R22_barcelona
480,R18_home,R19_25-34anys,R21_25000-35999,R22_semidens,R22_barcelona
481,R18_dona,R19_25-34anys,R21_25000-35999,R22_urba,R22_barcelona
482,R18_home,R19_25-34anys,R21_50000_mes,R22_urba,R22_barcelona
483,R18_dona,R19_25-34anys,R21_11000-16999,R22_semidens,R22_barcelona
484,R18_dona,R19_55-64anys,R21_menys_11000,R22_rural,R22_girona
485,R18_dona,R19_16-24anys,R21_menys_11000,R22_urba,R22_barcelona
486,R18_dona,R19_25-34anys,R21_25000-35999,R22_semidens,R22_barcelona
487,R18_dona,R19_16-24anys,R21_menys_11000,R22_urba,R22_barcelona
488,R18_dona,R19_55-64anys,R21_25000-35999,R22_semidens,R22_barcelona
489,R18_dona,R19_35-44anys,R21_50000_mes,R22_urba,R22_barcelona
490,R18_home,R19_25-34anys,R21_36000-49999,R22_urba,R22_barcelona
491,R18_dona,R19_25-34anys,R21_25000-35999,R22_urba,R22_barcelona
492,R18_home,R19_55-64anys,R21_50000_mes,R22_urba,R22_barcelona
493,R18_dona,R19_55-64anys,R21_25000-35999,R22_urba,R22_barcelona
495,R18_home,R19_25-34anys,R21_11000-16999,R22_semidens,R22_barcelona
496,R18_dona,R19_35-44anys,R21_36000-49999,R22_urba,R22_barcelona
497,R18_dona,R19_25-34anys,R21_25000-35999,R22_urba,R22_barcelona
498,R18_home,R19_25-34anys,R21_25000-35999,R22_urba,R22_barcelona
499,R18_home,R19_25-34anys,R21_17000-24999,R22_urba,R22_barcelona
500,R18_dona,R19_25-34anys,R21_17000-24999,R22_semidens,R22_barcelona
501,R18_dona,R19_55-64anys,R21_25000-35999,R22_urba,R22_barcelona
502,R18_home,R19_25-34anys,R21_36000-49999,R22_semidens,R22_barcelona
504,R18_dona,R19_45-54anys,R21_25000-35999,R22_urba,R22_barcelona
505,R18_home,R19_55-64anys,R21_50000_mes,R22_semidens,R22_barcelona
507,R18_home,R19_35-44anys,R21_36000-49999,R22_semidens,R22_barcelona
508,R18_home,R19_25-34anys,R21_25000-35999,R22_semidens,R22_barcelona
509,R18_dona,R19_16-24anys,R21_menys_11000,R22_urba,R22_barcelona
511,R18_home,R19_25-34anys,R21_17000-24999,R22_urba,R22_barcelona
512,R18_dona,R19_35-44anys,R21_36000-49999,R22_urba,R22_barcelona
513,R18_dona,R19_25-34anys,R21_17000-24999,R22_urba,R22_barcelona
514,R18_dona,R19_35-44anys,R21_36000-49999,R22_semidens,R22_barcelona
515,R18_dona,R19_25-34anys,R21_17000-24999,R22_urba,R22_barcelona
517,R18_dona,R19_25-34anys,R21_36000-49999,R22_urba,R22_barcelona
518,R18_home,R19_35-44anys,R21_36000-49999,R22_rural,R22_barcelona
519,R18_dona,R19_25-34anys,R21_36000-49999,R22_urba,R22_barcelona
520,R18_home,R19_55-64anys,R21_50000_mes,R22_semidens,R22_barcelona
521,R18_home,R19_35-44anys,R21_36000-49999,R22_urba,R22_barcelona
522,R18_dona,R19_16-24anys,R21_menys_11000,R22_urba,R22_barcelona
523,R18_dona,R19_25-34anys,R21_36000-49999,R22_urba,R22_girona
524,R18_dona,R19_25-34anys,R21_17000-24999,R22_urba,R22_barcelona
525,R18_home,R19_25-34anys,R21_36000-49999,R22_urba,R22_barcelona
526,R18_dona,R19_25-34anys,R21_17000-24999,R22_urba,R22_barcelona
527,R18_home,R19_55-64anys,R21_50000_mes,R22_urba,R22_barcelona
528,R18_home,R19_25-34anys,R21_17000-24999,R22_urba,R22_barcelona
529,R18_dona,R19_25-34anys,R21_menys_11000,R22_semidens,R22_barcelona
530,R18_home,R19_35-44anys,R21_17000-24999,R22_urba,R22_barcelona
531,R18_dona,R19_25-34anys,R21_25000-35999,R22_urba,R22_barcelona
532,R18_dona,R19_25-34anys,R21_25000-35999,R22_urba,R22_barcelona
533,R18_dona,R19_55-64anys,R21_50000_mes,R22_semidens,R22_barcelona
534,R18_dona,R19_55-64anys,R21_25000-35999,R22_semidens,R22_barcelona
535,R18_home,R19_55-64anys,R21_36000-49999,R22_urba,R22_barcelona
536,R18_home,R19_35-44anys,R21_36000-49999,R22_urba,R22_barcelona
539,R18_dona,R19_25-34anys,R21_50000_mes,R22_urba,R22_barcelona
540,R18_home,R19_25-34anys,R21_17000-24999,R22_semidens,R22_barcelona
542,R18_home,R19_65anys_mes,R21_25000-35999,R22_urba,R22_barcelona
544,R18_home,R19_25-34anys,R21_25000-35999,R22_urba,R22_barcelona
545,R18_dona,R19_25-34anys,R21_menys_11000,R22_urba,R22_barcelona
546,R18_dona,R19_25-34anys,R21_25000-35999,R22_urba,R22_barcelona
547,R18_dona,R19_25-34anys,R21_17000-24999,R22_urba,R22_barcelona
548,R18_home,R19_55-64anys,R21_36000-49999,R22_urba,R22_barcelona
549,R18_home,R19_25-34anys,R21_25000-35999,R22_urba,R22_barcelona
550,R18_dona,R19_35-44anys,R21_17000-24999,R22_urba,R22_barcelona
551,R18_dona,R19_25-34anys,R21_25000-35999,R22_urba,R22_barcelona
552,R18_dona,R19_55-64anys,R21_25000-35999,R22_semidens,R22_barcelona
553,R18_home,R19_35-44anys,R21_50000_mes,R22_urba,R22_barcelona
554,R18_home,R19_35-44anys,R21_25000-35999,R22_semidens,R22_barcelona
555,R18_home,R19_35-44anys,R21_50000_mes,R22_rural,R22_tarragona
556,R18_home,R19_35-44anys,R21_36000-49999,R22_semidens,R22_barcelona
557,R18_home,R19_35-44anys,R21_36000-49999,R22_urba,R22_barcelona
558,R18_dona,R19_45-54anys,R21_36000-49999,R22_urba,R22_barcelona
559,R18_home,R19_25-34anys,R21_36000-49999,R22_urba,R22_barcelona
560,R18_home,R19_25-34anys,R21_17000-24999,R22_urba,R22_barcelona
561,R18_dona,R19_45-54anys,R21_25000-35999,R22_urba,R22_barcelona
562,R18_home,R19_35-44anys,R21_36000-49999,R22_urba,R22_barcelona
563,R18_dona,R19_45-54anys,R21_25000-35999,R22_urba,R22_barcelona
564,R18_dona,R19_45-54anys,R21_50000_mes,R22_urba,R22_barcelona
565,R18_dona,R19_55-64anys,R21_50000_mes,R22_urba,R22_barcelona
566,R18_dona,R19_55-64anys,R21_50000_mes,R22_urba,R22_barcelona
567,R18_dona,R19_45-54anys,R21_25000-35999,R22_urba,R22_barcelona
568,R18_dona,R19_65anys_mes,R21_25000-35999,R22_urba,R22_barcelona
569,R18_dona,R19_55-64anys,R21_36000-49999,R22_urba,R22_barcelona
570,R18_dona,R19_55-64anys,R21_17000-24999,R22_urba,R22_barcelona
572,R18_dona,R19_35-44anys,R21_25000-35999,R22_urba,R22_barcelona
573,R18_home,R19_55-64anys,R21_50000_mes,R22_urba,R22_barcelona
574,R18_home,R19_45-54anys,R21_36000-49999,R22_urba,R22_barcelona
576,R18_dona,R19_16-24anys,R21_17000-24999,R22_urba,R22_barcelona
577,R18_dona,R19_55-64anys,R21_50000_mes,R22_urba,R22_barcelona
579,R18_home,R19_55-64anys,R21_50000_mes,R22_urba,R22_barcelona
581,R18_home,R19_55-64anys,R21_50000_mes,R22_urba,R22_barcelona
582,R18_dona,R19_35-44anys,R21_25000-35999,R22_urba,R22_barcelona
583,R18_home,R19_45-54anys,R21_50000_mes,R22_urba,R22_barcelona
584,R18_home,R19_55-64anys,R21_36000-49999,R22_urba,R22_barcelona
585,R18_home,R19_45-54anys,R21_36000-49999,R22_urba,R22_barcelona
586,R18_home,R19_45-54anys,R21_50000_mes,R22_urba,R22_barcelona
587,R18_home,R19_55-64anys,R21_25000-35999,R22_urba,R22_barcelona
588,R18_home,R19_45-54anys,R21_25000-35999,R22_urba,R22_barcelona
589,R18_dona,R19_45-54anys,R21_50000_mes,R22_semidens,R22_barcelona
590,R18_dona,R19_35-44anys,R21_50000_mes,R22_urba,R22_barcelona
591,R18_dona,R19_55-64anys,R21_36000-49999,R22_semidens,R22_barcelona
592,R18_dona,R19_65anys_mes,R21_25000-35999,R22_urba,R22_barcelona
593,R18_home,R19_25-34anys,R21_17000-24999,R22_urba,R22_barcelona
594,R18_dona,R19_16-24anys,R21_menys_11000,R22_urba,R22_barcelona
595,R18_home,R19_65anys_mes,R21_50000_mes,R22_urba,R22_barcelona
596,R18_home,R19_55-64anys,R21_50000_mes,R22_urba,R22_barcelona
597,R18_dona,R19_25-34anys,R21_11000-16999,R22_urba,R22_barcelona
598,R18_home,R19_25-34anys,R21_11000-16999,R22_urba,R22_barcelona
600,R18_home,R19_65anys_mes,R21_25000-35999,R22_urba,R22_barcelona
601,R18_dona,R19_65anys_mes,R21_36000-49999,R22_urba,R22_barcelona
602,R18_dona,R19_16-24anys,R21_17000-24999,R22_urba,R22_barcelona
603,R18_home,R19_45-54anys,R21_menys_11000,R22_urba,R22_barcelona
604,R18_dona,R19_65anys_mes,R21_11000-16999,R22_urba,R22_barcelona
605,R18_home,R19_16-24anys,R21_11000-16999,R22_urba,R22_barcelona
606,R18_dona,R19_35-44anys,R21_17000-24999,R22_semidens,R22_barcelona
607,R18_home,R19_65anys_mes,R21_50000_mes,R22_urba,R22_barcelona
608,R18_home,R19_25-34anys,R21_36000-49999,R22_rural,R22_barcelona
609,R18_dona,R19_16-24anys,R21_menys_11000,R22_rural,R22_barcelona
610,R18_home,R19_45-54anys,R21_11000-16999,R22_semidens,R22_barcelona
611,R18_dona,R19_55-64anys,R21_25000-35999,R22_urba,R22_barcelona
612,R18_home,R19_25-34anys,R21_11000-16999,R22_semidens,R22_barcelona
613,R18_home,R19_25-34anys,R21_17000-24999,R22_semidens,R22_barcelona
614,R18_dona,R19_16-24anys,R21_menys_11000,R22_semidens,R22_barcelona
615,R18_dona,R19_25-34anys,R21_36000-49999,R22_semidens,R22_barcelona
616,R18_dona,R19_25-34anys,R21_25000-35999,R22_semidens,R22_barcelona
617,R18_home,R19_25-34anys,R21_17000-24999,R22_semidens,R22_barcelona
618,R18_home,R19_35-44anys,R21_36000-49999,R22_semidens,R22_barcelona
619,R18_dona,R19_55-64anys,R21_36000-49999,R22_urba,R22_barcelona
620,R18_dona,R19_25-34anys,R21_11000-16999,R22_semidens,R22_barcelona
621,R18_dona,R19_25-34anys,R21_11000-16999,R22_semidens,R22_barcelona
622,R18_home,R19_55-64anys,R21_50000_mes,R22_rural,R22_girona
623,R18_dona,R19_16-24anys,R21_menys_11000,R22_semidens,R22_barcelona
624,R18_home,R19_16-24anys,R21_menys_11000,R22_semidens,R22_barcelona
625,R18_dona,R19_65anys_mes,R21_25000-35999,R22_semidens,R22_barcelona
626,R18_home,R19_45-54anys,R21_36000-49999,R22_urba,R22_barcelona
627,R18_dona,R19_65anys_mes,R21_11000-16999,R22_semidens,R22_girona
628,R18_dona,R19_65anys_mes,R21_17000-24999,R22_urba,R22_barcelona
629,R18_dona,R19_25-34anys,R21_17000-24999,R22_rural,R22_girona
630,R18_dona,R19_45-54anys,R21_50000_mes,R22_urba,R22_barcelona
632,R18_dona,R19_55-64anys,R21_17000-24999,R22_urba,R22_barcelona
634,R18_dona,R19_25-34anys,R21_11000-16999,R22_semidens,R22_tarragona
635,R18_dona,R19_65anys_mes,R21_50000_mes,R22_urba,R22_barcelona
636,R18_home,R19_55-64anys,R21_50000_mes,R22_rural,R22_tarragona
637,R18_dona,R19_55-64anys,R21_36000-49999,R22_semidens,R22_tarragona
638,R18_home,R19_45-54anys,R21_50000_mes,R22_urba,R22_barcelona
639,R18_dona,R19_65anys_mes,R21_17000-24999,R22_urba,R22_barcelona
640,R18_home,R19_35-44anys,R21_36000-49999,R22_rural,R22_barcelona
641,R18_home,R19_45-54anys,R21_25000-35999,R22_urba,R22_barcelona
642,R18_dona,R19_55-64anys,R21_36000-49999,R22_urba,R22_barcelona
643,R18_dona,R19_45-54anys,R21_17000-24999,R22_urba,R22_barcelona
644,R18_dona,R19_55-64anys,R21_25000-35999,R22_urba,R22_barcelona
645,R18_home,R19_45-54anys,R21_17000-24999,R22_urba,R22_barcelona
647,R18_home,R19_55-64anys,R21_36000-49999,R22_semidens,R22_barcelona
648,R18_dona,R19_35-44anys,R21_25000-35999,R22_semidens,R22_barcelona
650,R18_dona,R19_55-64anys,R21_36000-49999,R22_urba,R22_barcelona
651,R18_dona,R19_65anys_mes,R21_36000-49999,R22_urba,R22_barcelona
652,R18_dona,R19_55-64anys,R21_50000_mes,R22_urba,R22_barcelona
653,R18_dona,R19_55-64anys,R21_11000-16999,R22_semidens,R22_barcelona
654,R18_home,R19_55-64anys,R21_50000_mes,R22_semidens,R22_tarragona
655,R18_home,R19_25-34anys,R21_25000-35999,R22_urba,R22_barcelona
656,R18_home,R19_55-64anys,R21_25000-35999,R22_urba,R22_barcelona
657,R18_dona,R19_45-54anys,R21_11000-16999,R22_urba,R22_barcelona
658,R18_dona,R19_55-64anys,R21_25000-35999,R22_urba,R22_barcelona
659,R18_dona,R19_55-64anys,R21_50000_mes,R22_urba,R22_barcelona
660,R18_dona,R19_45-54anys,R21_50000_mes,R22_urba,R22_barcelona
661,R18_home,R19_65anys_mes,R21_25000-35999,R22_urba,R22_barcelona
662,R18_home,R19_55-64anys,R21_50000_mes,R22_urba,R22_barcelona
664,R18_dona,R19_25-34anys,R21_17000-24999,R22_urba,R22_barcelona
665,R18_dona,R19_55-64anys,R21_11000-16999,R22_urba,R22_barcelona
666,R18_dona,R19_45-54anys,R21_36000-49999,R22_urba,R22_barcelona
667,R18_dona,R19_25-34anys,R21_menys_11000,R22_urba,R22_barcelona
668,R18_home,R19_55-64anys,R21_50000_mes,R22_urba,R22_barcelona
669,R18_home,R19_16-24anys,R21_17000-24999,R22_urba,R22_barcelona
670,R18_dona,R19_25-34anys,R21_36000-49999,R22_urba,R22_barcelona
671,R18_dona,R19_55-64anys,R21_11000-16999,R22_rural,R22_girona
672,R18_home,R19_55-64anys,R21_36000-49999,R22_urba,R22_barcelona
673,R18_home,R19_55-64anys,R21_36000-49999,R22_urba,R22_barcelona
674,R18_dona,R19_25-34anys,R21_17000-24999,R22_urba,R22_barcelona
675,R18_home,R19_55-64anys,R21_17000-24999,R22_urba,R22_barcelona
676,R18_home,R19_35-44anys,R21_50000_mes,R22_urba,R22_barcelona
677,R18_home,R19_55-64anys,R21_50000_mes,R22_urba,R22_barcelona
678,R18_home,R19_45-54anys,R21_50000_mes,R22_urba,R22_barcelona
679,R18_dona,R19_55-64anys,R21_17000-24999,R22_urba,R22_barcelona
680,R18_dona,R19_55-64anys,R21_50000_mes,R22_urba,R22_barcelona
681,R18_home,R19_65anys_mes,R21_50000_mes,R22_urba,R22_barcelona
682,R18_dona,R19_55-64anys,R21_17000-24999,R22_urba,R22_barcelona
683,R18_home,R19_45-54anys,R21_50000_mes,R22_urba,R22_barcelona
684,R18_dona,R19_65anys_mes,R21_50000_mes,R22_urba,R22_barcelona
685,R18_dona,R19_45-54anys,R21_50000_mes,R22_urba,R22_barcelona
686,R18_dona,R19_45-54anys,R21_36000-49999,R22_urba,R22_barcelona
688,R18_home,R19_35-44anys,R21_50000_mes,R22_urba,R22_barcelona
689,R18_home,R19_16-24anys,R21_menys_11000,R22_semidens,R22_barcelona
690,R18_home,R19_65anys_mes,R21_36000-49999,R22_urba,R22_barcelona
691,R18_dona,R19_55-64anys,R21_25000-35999,R22_urba,R22_barcelona
692,R18_home,R19_55-64anys,R21_50000_mes,R22_semidens,R22_girona
693,R18_dona,R19_55-64anys,R21_menys_11000,R22_semidens,R22_girona
694,R18_home,R19_65anys_mes,R21_25000-35999,R22_urba,R22_barcelona
695,R18_dona,R19_16-24anys,R21_25000-35999,R22_rural,R22_girona
696,R18_home,R19_25-34anys,R21_25000-35999,R22_semidens,R22_girona
697,R18_dona,R19_16-24anys,R21_17000-24999,R22_semidens,R22_girona
699,R18_dona,R19_45-54anys,R21_36000-49999,R22_rural,R22_girona
700,R18_home,R19_55-64anys,R21_50000_mes,R22_urba,R22_barcelona
701,R18_home,R19_55-64anys,R21_17000-24999,R22_urba,R22_barcelona
702,R18_dona,R19_16-24anys,R21_menys_11000,R22_semidens,R22_girona
703,R18_dona,R19_35-44anys,R21_36000-49999,R22_urba,R22_barcelona
704,R18_home,R19_55-64anys,R21_50000_mes,R22_urba,R22_barcelona
705,R18_home,R19_55-64anys,R21_25000-35999,R22_urba,R22_barcelona
706,R18_home,R19_16-24anys,R21_menys_11000,R22_urba,R22_barcelona
707,R18_dona,R19_55-64anys,R21_36000-49999,R22_urba,R22_barcelona
708,R18_dona,R19_55-64anys,R21_50000_mes,R22_semidens,R22_barcelona
709,R18_home,R19_45-54anys,R21_50000_mes,R22_urba,R22_barcelona
710,R18_dona,R19_55-64anys,R21_17000-24999,R22_urba,R22_barcelona
711,R18_home,R19_45-54anys,R21_36000-49999,R22_rural,R22_barcelona
712,R18_dona,R19_55-64anys,R21_17000-24999,R22_rural,R22_barcelona
713,R18_dona,R19_25-34anys,R21_17000-24999,R22_urba,R22_barcelona
714,R18_dona,R19_45-54anys,R21_36000-49999,R22_semidens,R22_barcelona
715,R18_dona,R19_45-54anys,R21_17000-24999,R22_urba,R22_barcelona
716,R18_dona,R19_45-54anys,R21_25000-35999,R22_urba,R22_barcelona
717,R18_dona,R19_45-54anys,R21_17000-24999,R22_semidens,R22_barcelona
720,R18_dona,R19_45-54anys,R21_25000-35999,R22_urba,R22_barcelona
721,R18_home,R19_55-64anys,R21_36000-49999,R22_urba,R22_barcelona
722,R18_dona,R19_35-44anys,R21_25000-35999,R22_urba,R22_barcelona
723,R18_dona,R19_35-44anys,R21_50000_mes,R22_urba,R22_barcelona
725,R18_dona,R19_25-34anys,R21_11000-16999,R22_urba,R22_barcelona
726,R18_dona,R19_45-54anys,R21_25000-35999,R22_urba,R22_lleida
727,R18_home,R19_55-64anys,R21_36000-49999,R22_urba,R22_barcelona
728,R18_dona,R19_16-24anys,R21_25000-35999,R22_urba,R22_barcelona
729,R18_dona,R19_16-24anys,R21_menys_11000,R22_urba,R22_barcelona
730,R18_dona,R19_55-64anys,R21_25000-35999,R22_urba,R22_barcelona
731,R18_home,R19_45-54anys,R21_50000_mes,R22_urba,R22_lleida
732,R18_dona,R19_45-54anys,R21_25000-35999,R22_urba,R22_tarragona
733,R18_dona,R19_55-64anys,R21_25000-35999,R22_urba,R22_barcelona
734,R18_home,R19_25-34anys,R21_17000-24999,R22_urba,R22_barcelona
735,R18_home,R19_25-34anys,R21_36000-49999,R22_rural,R22_tarragona
736,R18_dona,R19_55-64anys,R21_menys_11000,R22_rural,R22_tarragona
737,R18_home,R19_25-34anys,R21_25000-35999,R22_rural,R22_tarragona
738,R18_dona,R19_65anys_mes,R21_25000-35999,R22_rural,R22_lleida
739,R18_dona,R19_25-34anys,R21_17000-24999,R22_semidens,R22_lleida
740,R18_dona,R19_55-64anys,R21_menys_11000,R22_rural,R22_lleida
741,R18_dona,R19_55-64anys,R21_25000-35999,R22_semidens,R22_tarragona
742,R18_dona,R19_45-54anys,R21_25000-35999,R22_semidens,R22_tarragona
743,R18_dona,R19_25-34anys,R21_50000_mes,R22_rural,R22_tarragona
744,R18_dona,R19_35-44anys,R21_11000-16999,R22_rural,R22_tarragona
745,R18_dona,R19_55-64anys,R21_menys_11000,R22_rural,R22_tarragona
746,R18_dona,R19_55-64anys,R21_17000-24999,R22_rural,R22_tarragona
747,R18_dona,R19_55-64anys,R21_11000-16999,R22_rural,R22_tarragona
748,R18_dona,R19_55-64anys,R21_menys_11000,R22_rural,R22_tarragona
749,R18_dona,R19_45-54anys,R21_50000_mes,R22_semidens,R22_tarragona
750,R18_dona,R19_35-44anys,R21_17000-24999,R22_rural,R22_tarragona
751,R18_dona,R19_45-54anys,R21_25000-35999,R22_rural,R22_tarragona
752,R18_home,R19_65anys_mes,R21_36000-49999,R22_rural,R22_lleida
753,R18_dona,R19_35-44anys,R21_17000-24999,R22_urba,R22_barcelona
754,R18_dona,R19_25-34anys,R21_50000_mes,R22_urba,R22_barcelona
755,R18_home,R19_45-54anys,R21_11000-16999,R22_urba,R22_barcelona
756,R18_dona,R19_65anys_mes,R21_25000-35999,R22_urba,R22_barcelona
757,R18_dona,R19_45-54anys,R21_36000-49999,R22_urba,R22_barcelona
758,R18_dona,R19_35-44anys,R21_25000-35999,R22_urba,R22_barcelona
759,R18_dona,R19_25-34anys,R21_25000-35999,R22_urba,R22_barcelona
760,R18_home,R19_35-44anys,R21_50000_mes,R22_semidens,R22_girona
761,R18_home,R19_35-44anys,R21_25000-35999,R22_urba,R22_barcelona
762,R18_dona,R19_16-24anys,R21_menys_11000,R22_urba,R22_barcelona
763,R18_home,R19_45-54anys,R21_25000-35999,R22_urba,R22_barcelona
764,R18_home,R19_55-64anys,R21_36000-49999,R22_urba,R22_barcelona
765,R18_home,R19_25-34anys,R21_36000-49999,R22_urba,R22_barcelona
766,R18_dona,R19_45-54anys,R21_36000-49999,R22_urba,R22_barcelona
767,R18_home,R19_45-54anys,R21_50000_mes,R22_urba,R22_barcelona
768,R18_home,R19_45-54anys,R21_50000_mes,R22_semidens,R22_barcelona
769,R18_home,R19_25-34anys,R21_36000-49999,R22_urba,R22_tarragona
770,R18_home,R19_25-34anys,R21_25000-35999,R22_urba,R22_barcelona
771,R18_dona,R19_25-34anys,R21_17000-24999,R22_urba,R22_barcelona
772,R18_dona,R19_25-34anys,R21_25000-35999,R22_semidens,R22_tarragona
773,R18_dona,R19_25-34anys,R21_50000_mes,R22_urba,R22_barcelona
774,R18_home,R19_25-34anys,R21_25000-35999,R22_urba,R22_barcelona
775,R18_dona,R19_25-34anys,R21_25000-35999,R22_urba,R22_barcelona
776,R18_home,R19_25-34anys,R21_25000-35999,R22_urba,R22_barcelona
777,R18_home,R19_35-44anys,R21_36000-49999,R22_urba,R22_barcelona
778,R18_dona,R19_35-44anys,R21_25000-35999,R22_rural,R22_tarragona
779,R18_home,R19_16-24anys,R21_17000-24999,R22_urba,R22_barcelona
780,R18_dona,R19_45-54anys,R21_25000-35999,R22_urba,R22_barcelona
781,R18_dona,R19_25-34anys,R21_36000-49999,R22_urba,R22_barcelona
782,R18_dona,R19_45-54anys,R21_17000-24999,R22_semidens,R22_tarragona
783,R18_dona,R19_25-34anys,R21_36000-49999,R22_semidens,R22_tarragona
784,R18_dona,R19_35-44anys,R21_25000-35999,R22_semidens,R22_barcelona
785,R18_dona,R19_25-34anys,R21_36000-49999,R22_urba,R22_barcelona
786,R18_dona,R19_45-54anys,R21_25000-35999,R22_rural,R22_tarragona
787,R18_dona,R19_45-54anys,R21_11000-16999,R22_rural,R22_barcelona
788,R18_dona,R19_45-54anys,R21_50000_mes,R22_semidens,R22_barcelona
790,R18_dona,R19_35-44anys,R21_17000-24999,R22_semidens,R22_tarragona
791,R18_dona,R19_25-34anys,R21_17000-24999,R22_urba,R22_barcelona
792,R18_dona,R19_35-44anys,R21_17000-24999,R22_rural,R22_tarragona
793,R18_dona,R19_45-54anys,R21_36000-49999,R22_urba,R22_barcelona
794,R18_dona,R19_45-54anys,R21_25000-35999,R22_semidens,R22_barcelona
795,R18_dona,R19_35-44anys,R21_36000-49999,R22_urba,R22_barcelona
796,R18_dona,R19_35-44anys,R21_25000-35999,R22_urba,R22_barcelona
797,R18_dona,R19_45-54anys,R21_25000-35999,R22_urba,R22_barcelona
798,R18_dona,R19_25-34anys,R21_36000-49999,R22_urba,R22_barcelona
799,R18_dona,R19_35-44anys,R21_25000-35999,R22_urba,R22_barcelona
800,R18_dona,R19_35-44anys,R21_36000-49999,R22_urba,R22_barcelona
801,R18_dona,R19_25-34anys,R21_11000-16999,R22_urba,R22_barcelona
803,R18_dona,R19_35-44anys,R21_17000-24999,R22_semidens,R22_barcelona
804,R18_dona,R19_45-54anys,R21_36000-49999,R22_urba,R22_barcelona
805,R18_dona,R19_35-44anys,R21_25000-35999,R22_semidens,R22_barcelona
806,R18_dona,R19_35-44anys,R21_36000-49999,R22_urba,R22_barcelona
807,R18_dona,R19_45-54anys,R21_17000-24999,R22_urba,R22_barcelona
808,R18_home,R19_35-44anys,R21_25000-35999,R22_urba,R22_barcelona
809,R18_dona,R19_35-44anys,R21_50000_mes,R22_urba,R22_barcelona
810,R18_home,R19_25-34anys,R21_17000-24999,R22_urba,R22_barcelona
811,R18_dona,R19_25-34anys,R21_17000-24999,R22_urba,R22_barcelona
812,R18_home,R19_45-54anys,R21_17000-24999,R22_rural,R22_barcelona
814,R18_dona,R19_25-34anys,R21_36000-49999,R22_urba,R22_barcelona
815,R18_dona,R19_25-34anys,R21_25000-35999,R22_urba,R22_barcelona
816,R18_dona,R19_45-54anys,R21_36000-49999,R22_urba,R22_barcelona
817,R18_dona,R19_35-44anys,R21_25000-35999,R22_urba,R22_barcelona
818,R18_dona,R19_35-44anys,R21_50000_mes,R22_urba,R22_barcelona
820,R18_home,R19_35-44anys,R21_50000_mes,R22_urba,R22_barcelona
821,R18_dona,R19_35-44anys,R21_36000-49999,R22_urba,R22_barcelona
822,R18_home,R19_45-54anys,R21_50000_mes,R22_urba,R22_tarragona
823,R18_home,R19_45-54anys,R21_25000-35999,R22_urba,R22_barcelona
824,R18_home,R19_65anys_mes,R21_25000-35999,R22_urba,R22_barcelona
825,R18_dona,R19_45-54anys,R21_50000_mes,R22_urba,R22_barcelona
827,R18_dona,R19_45-54anys,R21_25000-35999,R22_urba,R22_barcelona
828,R18_dona,R19_35-44anys,R21_17000-24999,R22_urba,R22_barcelona
829,R18_dona,R19_35-44anys,R21_50000_mes,R22_semidens,R22_barcelona
830,R18_home,R19_55-64anys,R21_36000-49999,R22_semidens,R22_barcelona
831,R18_dona,R19_35-44anys,R21_36000-49999,R22_urba,R22_barcelona
832,R18_home,R19_65anys_mes,R21_25000-35999,R22_urba,R22_barcelona
833,R18_home,R19_35-44anys,R21_36000-49999,R22_urba,R22_barcelona
834,R18_dona,R19_35-44anys,R21_50000_mes,R22_semidens,R22_barcelona
835,R18_dona,R19_35-44anys,R21_36000-49999,R22_urba,R22_barcelona
836,R18_dona,R19_35-44anys,R21_17000-24999,R22_semidens,R22_barcelona
837,R18_dona,R19_25-34anys,R21_25000-35999,R22_semidens,R22_barcelona
838,R18_dona,R19_25-34anys,R21_36000-49999,R22_urba,R22_barcelona
839,R18_home,R19_45-54anys,R21_11000-16999,R22_urba,R22_barcelona
840,R18_dona,R19_25-34anys,R21_menys_11000,R22_urba,R22_barcelona
841,R18_dona,R19_25-34anys,R21_25000-35999,R22_urba,R22_barcelona
842,R18_dona,R19_25-34anys,R21_17000-24999,R22_urba,R22_barcelona
843,R18_dona,R19_25-34anys,R21_25000-35999,R22_urba,R22_barcelona
844,R18_dona,R19_25-34anys,R21_25000-35999,R22_urba,R22_barcelona
845,R18_dona,R19_45-54anys,R21_25000-35999,R22_urba,R22_barcelona
846,R18_dona,R19_35-44anys,R21_36000-49999,R22_semidens,R22_barcelona
847,R18_dona,R19_35-44anys,R21_50000_mes,R22_urba,R22_barcelona
848,R18_dona,R19_25-34anys,R21_25000-35999,R22_urba,R22_barcelona
849,R18_dona,R19_45-54anys,R21_36000-49999,R22_urba,R22_barcelona
850,R18_dona,R19_45-54anys,R21_11000-16999,R22_rural,R22_barcelona
851,R18_dona,R19_25-34anys,R21_11000-16999,R22_urba,R22_barcelona
852,R18_dona,R19_16-24anys,R21_17000-24999,R22_urba,R22_barcelona
853,R18_dona,R19_25-34anys,R21_11000-16999,R22_urba,R22_barcelona
854,R18_dona,R19_45-54anys,R21_menys_11000,R22_semidens,R22_barcelona
855,R18_dona,R19_25-34anys,R21_menys_11000,R22_urba,R22_barcelona
856,R18_dona,R19_65anys_mes,R21_17000-24999,R22_urba,R22_barcelona
857,R18_dona,R19_35-44anys,R21_17000-24999,R22_urba,R22_barcelona
858,R18_dona,R19_35-44anys,R21_menys_11000,R22_rural,R22_tarragona
859,R18_home,R19_55-64anys,R21_25000-35999,R22_urba,R22_barcelona
860,R18_home,R19_45-54anys,R21_36000-49999,R22_semidens,R22_barcelona
861,R18_home,R19_25-34anys,R21_50000_mes,R22_semidens,R22_barcelona
862,R18_home,R19_45-54anys,R21_36000-49999,R22_urba,R22_barcelona
863,R18_dona,R19_35-44anys,R21_25000-35999,R22_urba,R22_barcelona
864,R18_home,R19_45-54anys,R21_25000-35999,R22_rural,R22_barcelona
865,R18_dona,R19_25-34anys,R21_36000-49999,R22_urba,R22_barcelona
866,R18_dona,R19_25-34anys,R21_25000-35999,R22_urba,R22_barcelona
867,R18_dona,R19_25-34anys,R21_17000-24999,R22_urba,R22_lleida
868,R18_dona,R19_45-54anys,R21_50000_mes,R22_urba,R22_barcelona
869,R18_dona,R19_45-54anys,R21_36000-49999,R22_urba,R22_barcelona
870,R18_home,R19_25-34anys,R21_menys_11000,R22_urba,R22_barcelona
871,R18_dona,R19_45-54anys,R21_17000-24999,R22_semidens,R22_tarragona
872,R18_dona,R19_35-44anys,R21_36000-49999,R22_urba,R22_barcelona
873,R18_home,R19_45-54anys,R21_36000-49999,R22_urba,R22_barcelona
874,R18_home,R19_25-34anys,R21_25000-35999,R22_rural,R22_girona
875,R18_dona,R19_25-34anys,R21_36000-49999,R22_semidens,R22_barcelona
876,R18_dona,R19_55-64anys,R21_25000-35999,R22_semidens,R22_barcelona
877,R18_dona,R19_25-34anys,R21_36000-49999,R22_semidens,R22_barcelona
878,R18_dona,R19_16-24anys,R21_menys_11000,R22_urba,R22_barcelona
879,R18_dona,R19_35-44anys,R21_36000-49999,R22_urba,R22_barcelona
880,R18_dona,R19_35-44anys,R21_36000-49999,R22_urba,R22_barcelona
881,R18_dona,R19_35-44anys,R21_25000-35999,R22_urba,R22_barcelona
882,R18_dona,R19_35-44anys,R21_36000-49999,R22_semidens,R22_girona
883,R18_dona,R19_45-54anys,R21_25000-35999,R22_urba,R22_barcelona
884,R18_dona,R19_35-44anys,R21_25000-35999,R22_urba,R22_barcelona
885,R18_dona,R19_35-44anys,R21_25000-35999,R22_urba,R22_barcelona
886,R18_dona,R19_35-44anys,R21_25000-35999,R22_urba,R22_barcelona
887,R18_dona,R19_35-44anys,R21_25000-35999,R22_urba,R22_barcelona
888,R18_dona,R19_45-54anys,R21_36000-49999,R22_urba,R22_barcelona
889,R18_dona,R19_35-44anys,R21_25000-35999,R22_urba,R22_barcelona
890,R18_home,R19_25-34anys,R21_50000_mes,R22_urba,R22_barcelona
891,R18_home,R19_55-64anys,R21_36000-49999,R22_semidens,R22_barcelona
892,R18_dona,R19_25-34anys,R21_25000-35999,R22_urba,R22_barcelona
893,R18_dona,R19_45-54anys,R21_36000-49999,R22_semidens,R22_girona
894,R18_dona,R19_25-34anys,R21_25000-35999,R22_urba,R22_barcelona
895,R18_dona,R19_35-44anys,R21_17000-24999,R22_urba,R22_barcelona
896,R18_dona,R19_35-44anys,R21_25000-35999,R22_urba,R22_barcelona
897,R18_dona,R19_25-34anys,R21_25000-35999,R22_urba,R22_tarragona
898,R18_dona,R19_45-54anys,R21_50000_mes,R22_urba,R22_barcelona
900,R18_dona,R19_25-34anys,R21_25000-35999,R22_urba,R22_barcelona
901,R18_home,R19_35-44anys,R21_menys_11000,R22_semidens,R22_barcelona
902,R18_dona,R19_16-24anys,R21_menys_11000,R22_urba,R22_barcelona
903,R18_home,R19_55-64anys,R21_25000-35999,R22_urba,R22_barcelona
904,R18_dona,R19_55-64anys,R21_50000_mes,R22_urba,R22_barcelona
905,R18_dona,R19_55-64anys,R21_50000_mes,R22_urba,R22_barcelona
906,R18_dona,R19_55-64anys,R21_50000_mes,R22_urba,R22_barcelona
907,R18_dona,R19_45-54anys,R21_50000_mes,R22_semidens,R22_barcelona
908,R18_dona,R19_35-44anys,R21_50000_mes,R22_urba,R22_barcelona
909,R18_home,R19_16-24anys,R21_11000-16999,R22_urba,R22_barcelona
910,R18_dona,R19_45-54anys,R21_50000_mes,R22_urba,R22_barcelona
911,R18_home,R19_25-34anys,R21_17000-24999,R22_urba,R22_barcelona
912,R18_dona,R19_25-34anys,R21_25000-35999,R22_urba,R22_girona
913,R18_dona,R19_25-34anys,R21_25000-35999,R22_urba,R22_barcelona
914,R18_home,R19_25-34anys,R21_17000-24999,R22_urba,R22_barcelona
915,R18_home,R19_35-44anys,R21_17000-24999,R22_urba,R22_girona
916,R18_home,R19_25-34anys,R21_36000-49999,R22_urba,R22_barcelona
917,R18_dona,R19_25-34anys,R21_25000-35999,R22_urba,R22_barcelona
918,R18_home,R19_25-34anys,R21_17000-24999,R22_urba,R22_barcelona
919,R18_dona,R19_16-24anys,R21_menys_11000,R22_urba,R22_girona
920,R18_dona,R19_25-34anys,R21_17000-24999,R22_urba,R22_barcelona
922,R18_home,R19_25-34anys,R21_25000-35999,R22_urba,R22_barcelona
923,R18_home,R19_35-44anys,R21_36000-49999,R22_urba,R22_barcelona
924,R18_home,R19_25-34anys,R21_11000-16999,R22_urba,R22_barcelona
925,R18_dona,R19_25-34anys,R21_25000-35999,R22_semidens,R22_girona
926,R18_dona,R19_25-34anys,R21_36000-49999,R22_urba,R22_barcelona
928,R18_dona,R19_25-34anys,R21_25000-35999,R22_urba,R22_barcelona
929,R18_dona,R19_25-34anys,R21_36000-49999,R22_urba,R22_barcelona
930,R18_dona,R19_25-34anys,R21_25000-35999,R22_urba,R22_barcelona
931,R18_home,R19_25-34anys,R21_25000-35999,R22_urba,R22_barcelona
932,R18_dona,R19_16-24anys,R21_menys_11000,R22_semidens,R22_barcelona
933,R18_home,R19_16-24anys,R21_menys_11000,R22_urba,R22_barcelona
934,R18_dona,R19_25-34anys,R21_17000-24999,R22_urba,R22_barcelona
935,R18_home,R19_35-44anys,R21_36000-49999,R22_urba,R22_barcelona
936,R18_dona,R19_25-34anys,R21_17000-24999,R22_urba,R22_barcelona
937,R18_dona,R19_25-34anys,R21_11000-16999,R22_semidens,R22_barcelona
938,R18_dona,R19_25-34anys,R21_25000-35999,R22_urba,R22_barcelona
939,R18_dona,R19_25-34anys,R21_25000-35999,R22_urba,R22_barcelona
940,R18_dona,R19_55-64anys,R21_50000_mes,R22_urba,R22_barcelona
941,R18_dona,R19_25-34anys,R21_25000-35999,R22_semidens,R22_barcelona
942,R18_dona,R19_25-34anys,R21_11000-16999,R22_semidens,R22_barcelona
943,R18_dona,R19_25-34anys,R21_17000-24999,R22_urba,R22_barcelona
944,R18_dona,R19_25-34anys,R21_25000-35999,R22_urba,R22_barcelona
945,R18_dona,R19_25-34anys,R21_17000-24999,R22_urba,R22_barcelona
946,R18_dona,R19_25-34anys,R21_menys_11000,R22_semidens,R22_tarragona
947,R18_dona,R19_25-34anys,R21_menys_11000,R22_urba,R22_barcelona
948,R18_dona,R19_45-54anys,R21_36000-49999,R22_urba,R22_barcelona
949,R18_dona,R19_25-34anys,R21_25000-35999,R22_urba,R22_barcelona
950,R18_home,R19_25-34anys,R21_17000-24999,R22_urba,R22_tarragona
951,R18_dona,R19_25-34anys,R21_17000-24999,R22_urba,R22_barcelona
952,R18_dona,R19_25-34anys,R21_25000-35999,R22_urba,R22_barcelona
953,R18_dona,R19_25-34anys,R21_11000-16999,R22_urba,R22_barcelona
954,R18_dona,R19_25-34anys,R21_17000-24999,R22_rural,R22_girona
955,R18_dona,R19_45-54anys,R21_25000-35999,R22_urba,R22_barcelona
956,R18_dona,R19_25-34anys,R21_25000-35999,R22_semidens,R22_barcelona
957,R18_dona,R19_25-34anys,R21_11000-16999,R22_urba,R22_barcelona
958,R18_home,R19_55-64anys,R21_50000_mes,R22_semidens,R22_girona
959,R18_dona,R19_25-34anys,R21_menys_11000,R22_semidens,R22_barcelona
960,R18_dona,R19_25-34anys,R21_17000-24999,R22_semidens,R22_barcelona
961,R18_dona,R19_16-24anys,R21_menys_11000,R22_urba,R22_barcelona
962,R18_dona,R19_45-54anys,R21_25000-35999,R22_semidens,R22_barcelona
963,R18_dona,R19_35-44anys,R21_50000_mes,R22_rural,R22_girona
964,R18_dona,R19_25-34anys,R21_25000-35999,R22_rural,R22_girona
965,R18_home,R19_25-34anys,R21_17000-24999,R22_rural,R22_girona
966,R18_dona,R19_55-64anys,R21_50000_mes,R22_rural,R22_girona
967,R18_dona,R19_55-64anys,R21_menys_11000,R22_rural,R22_barcelona
968,R18_dona,R19_35-44anys,R21_25000-35999,R22_rural,R22_girona
970,R18_dona,R19_16-24anys,R21_menys_11000,R22_urba,R22_barcelona
971,R18_dona,R19_35-44anys,R21_17000-24999,R22_rural,R22_barcelona
972,R18_dona,R19_55-64anys,R21_36000-49999,R22_rural,R22_girona
973,R18_home,R19_55-64anys,R21_25000-35999,R22_rural,R22_tarragona
974,R18_home,R19_55-64anys,R21_36000-49999,R22_semidens,R22_girona
975,R18_home,R19_65anys_mes,R21_36000-49999,R22_semidens,R22_tarragona
976,R18_dona,R19_25-34anys,R21_25000-35999,R22_semidens,R22_tarragona
977,R18_dona,R19_55-64anys,R21_17000-24999,R22_semidens,R22_tarragona
978,R18_home,R19_35-44anys,R21_11000-16999,R22_semidens,R22_girona
979,R18_home,R19_45-54anys,R21_25000-35999,R22_semidens,R22_tarragona
980,R18_dona,R19_65anys_mes,R21_25000-35999,R22_semidens,R22_lleida
982,R18_dona,R19_55-64anys,R21_17000-24999,R22_semidens,R22_girona
983,R18_dona,R19_35-44anys,R21_17000-24999,R22_semidens,R22_girona
984,R18_dona,R19_25-34anys,R21_25000-35999,R22_semidens,R22_tarragona
985,R18_dona,R19_25-34anys,R21_17000-24999,R22_semidens,R22_tarragona
986,R18_dona,R19_25-34anys,R21_25000-35999,R22_semidens,R22_tarragona
987,R18_dona,R19_25-34anys,R21_17000-24999,R22_urba,R22_barcelona
988,R18_dona,R19_25-34anys,R21_menys_11000,R22_urba,R22_barcelona
989,R18_dona,R19_16-24anys,R21_17000-24999,R22_urba,R22_barcelona
990,R18_dona,R19_25-34anys,R21_25000-35999,R22_urba,R22_barcelona
991,R18_home,R19_35-44anys,R21_11000-16999,R22_semidens,R22_barcelona
993,R18_dona,R19_25-34anys,R21_25000-35999,R22_urba,R22_barcelona
994,R18_home,R19_25-34anys,R21_17000-24999,R22_urba,R22_barcelona
995,R18_dona,R19_45-54anys,R21_17000-24999,R22_semidens,R22_tarragona
996,R18_home,R19_25-34anys,R21_17000-24999,R22_urba,R22_barcelona
997,R18_dona,R19_25-34anys,R21_25000-35999,R22_urba,R22_barcelona
998,R18_dona,R19_25-34anys,R21_17000-24999,R22_urba,R22_barcelona
999,R18_home,R19_35-44anys,R21_50000_mes,R22_urba,R22_barcelona
1000,R18_dona,R19_55-64anys,R21_11000-16999,R22_urba,R22_barcelona
1001,R18_home,R19_25-34anys,R21_17000-24999,R22_rural,R22_tarragona
1002,R18_dona,R19_25-34anys,R21_25000-35999,R22_rural,R22_tarragona
1003,R18_home,R19_35-44anys,R21_17000-24999,R22_semidens,R22_girona
1004,R18_dona,R19_55-64anys,R21_17000-24999,R22_semidens,R22_tarragona
1005,R18_dona,R19_16-24anys,R21_11000-16999,R22_urba,R22_barcelona
1006,R18_dona,R19_25-34anys,R21_17000-24999,R22_urba,R22_barcelona
1007,R18_home,R19_35-44anys,R21_25000-35999,R22_urba,R22_barcelona
1008,R18_home,R19_35-44anys,R21_17000-24999,R22_rural,R22_tarragona
1009,R18_home,R19_25-34anys,R21_36000-49999,R22_urba,R22_barcelona
1010,R18_dona,R19_45-54anys,R21_25000-35999,R22_urba,R22_barcelona
1011,R18_dona,R19_45-54anys,R21_36000-49999,R22_urba,R22_girona
1012,R18_dona,R19_35-44anys,R21_17000-24999,R22_semidens,R22_girona
1013,R18_dona,R19_35-44anys,R21_17000-24999,R22_urba,R22_barcelona
1014,R18_home,R19_45-54anys,R21_36000-49999,R22_semidens,R22_girona
1015,R18_dona,R19_55-64anys,R21_menys_11000,R22_urba,R22_barcelona
1016,R18_home,R19_45-54anys,R21_50000_mes,R22_urba,R22_barcelona
1017,R18_dona,R19_45-54anys,R21_menys_11000,R22_urba,R22_barcelona
1018,R18_home,R19_25-34anys,R21_25000-35999,R22_urba,R22_barcelona
1019,R18_dona,R19_45-54anys,R21_36000-49999,R22_urba,R22_barcelona
1020,R18_dona,R19_35-44anys,R21_25000-35999,R22_semidens,R22_girona
1021,R18_home,R19_25-34anys,R21_36000-49999,R22_urba,R22_barcelona
1022,R18_dona,R19_25-34anys,R21_17000-24999,R22_rural,R22_tarragona
1023,R18_dona,R19_45-54anys,R21_17000-24999,R22_semidens,R22_tarragona
1024,R18_home,R19_35-44anys,R21_17000-24999,R22_rural,R22_tarragona
1025,R18_home,R19_45-54anys,R21_50000_mes,R22_rural,R22_tarragona
1026,R18_dona,R19_16-24anys,R21_menys_11000,R22_semidens,R22_girona
1027,R18_dona,R19_45-54anys,R21_25000-35999,R22_semidens,R22_barcelona
1028,R18_dona,R19_45-54anys,R21_25000-35999,R22_semidens,R22_barcelona
1029,R18_home,R19_25-34anys,R21_25000-35999,R22_urba,R22_barcelona
1030,R18_dona,R19_45-54anys,R21_25000-35999,R22_semidens,R22_barcelona
1031,R18_home,R19_25-34anys,R21_25000-35999,R22_urba,R22_barcelona
1034,R18_dona,R19_55-64anys,R21_17000-24999,R22_semidens,R22_girona
1035,R18_home,R19_25-34anys,R21_25000-35999,R22_urba,R22_barcelona
1036,R18_dona,R19_45-54anys,R21_17000-24999,R22_semidens,R22_girona
1037,R18_home,R19_45-54anys,R21_17000-24999,R22_semidens,R22_barcelona
1038,R18_home,R19_55-64anys,R21_36000-49999,R22_semidens,R22_girona
1039,R18_dona,R19_45-54anys,R21_17000-24999,R22_semidens,R22_lleida
1041,R18_dona,R19_45-54anys,R21_36000-49999,R22_semidens,R22_barcelona
1042,R18_dona,R19_55-64anys,R21_36000-49999,R22_semidens,R22_lleida
1043,R18_dona,R19_65anys_mes,R21_17000-24999,R22_semidens,R22_lleida
1044,R18_dona,R19_35-44anys,R21_36000-49999,R22_semidens,R22_lleida
1045,R18_dona,R19_45-54anys,R21_36000-49999,R22_semidens,R22_lleida
1046,R18_dona,R19_25-34anys,R21_25000-35999,R22_rural,R22_lleida
1047,R18_home,R19_65anys_mes,R21_17000-24999,R22_semidens,R22_barcelona
1048,R18_dona,R19_16-24anys,R21_menys_11000,R22_semidens,R22_barcelona
1049,R18_home,R19_55-64anys,R21_25000-35999,R22_semidens,R22_barcelona
1050,R18_dona,R19_35-44anys,R21_50000_mes,R22_semidens,R22_barcelona
1051,R18_dona,R19_25-34anys,R21_17000-24999,R22_semidens,R22_lleida
1052,R18_dona,R19_25-34anys,R21_17000-24999,R22_semidens,R22_lleida
1053,R18_dona,R19_45-54anys,R21_36000-49999,R22_semidens,R22_lleida
1054,R18_home,R19_25-34anys,R21_50000_mes,R22_semidens,R22_lleida
1055,R18_home,R19_55-64anys,R21_25000-35999,R22_semidens,R22_barcelona
1056,R18_dona,R19_35-44anys,R21_36000-49999,R22_semidens,R22_barcelona
1057,R18_dona,R19_35-44anys,R21_25000-35999,R22_semidens,R22_lleida
1058,R18_dona,R19_35-44anys,R21_36000-49999,R22_semidens,R22_barcelona
1059,R18_dona,R19_35-44anys,R21_25000-35999,R22_semidens,R22_lleida
1060,R18_home,R19_25-34anys,R21_50000_mes,R22_semidens,R22_lleida
1061,R18_dona,R19_55-64anys,R21_25000-35999,R22_semidens,R22_barcelona
1062,R18_dona,R19_55-64anys,R21_25000-35999,R22_semidens,R22_barcelona
1063,R18_dona,R19_55-64anys,R21_17000-24999,R22_semidens,R22_barcelona
1064,R18_home,R19_55-64anys,R21_50000_mes,R22_urba,R22_barcelona
1065,R18_dona,R19_45-54anys,R21_25000-35999,R22_semidens,R22_barcelona
1066,R18_dona,R19_55-64anys,R21_25000-35999,R22_semidens,R22_tarragona
1067,R18_dona,R19_55-64anys,R21_25000-35999,R22_semidens,R22_barcelona
1068,R18_home,R19_45-54anys,R21_36000-49999,R22_semidens,R22_barcelona
1069,R18_dona,R19_45-54anys,R21_36000-49999,R22_semidens,R22_tarragona
1070,R18_dona,R19_55-64anys,R21_menys_11000,R22_semidens,R22_tarragona
1071,R18_dona,R19_35-44anys,R21_25000-35999,R22_semidens,R22_lleida
1072,R18_dona,R19_35-44anys,R21_25000-35999,R22_semidens,R22_tarragona
1073,R18_dona,R19_65anys_mes,R21_17000-24999,R22_semidens,R22_barcelona
1074,R18_home,R19_35-44anys,R21_50000_mes,R22_semidens,R22_barcelona
1075,R18_dona,R19_45-54anys,R21_17000-24999,R22_semidens,R22_barcelona
1076,R18_home,R19_65anys_mes,R21_36000-49999,R22_urba,R22_barcelona
1077,R18_dona,R19_25-34anys,R21_17000-24999,R22_semidens,R22_barcelona
1078,R18_dona,R19_45-54anys,R21_menys_11000,R22_semidens,R22_barcelona
1079,R18_home,R19_25-34anys,R21_25000-35999,R22_semidens,R22_barcelona
1080,R18_home,R19_55-64anys,R21_25000-35999,R22_semidens,R22_girona
1081,R18_dona,R19_16-24anys,R21_17000-24999,R22_semidens,R22_barcelona
1082,R18_dona,R19_16-24anys,R21_25000-35999,R22_semidens,R22_barcelona
1083,R18_home,R19_65anys_mes,R21_36000-49999,R22_semidens,R22_barcelona
1084,R18_home,R19_45-54anys,R21_25000-35999,R22_semidens,R22_tarragona
1085,R18_dona,R19_45-54anys,R21_25000-35999,R22_semidens,R22_barcelona
1087,R18_dona,R19_55-64anys,R21_11000-16999,R22_semidens,R22_tarragona
1088,R18_home,R19_35-44anys,R21_25000-35999,R22_semidens,R22_barcelona
1089,R18_home,R19_25-34anys,R21_25000-35999,R22_semidens,R22_barcelona
1090,R18_home,R19_45-54anys,R21_25000-35999,R22_rural,R22_barcelona
1091,R18_home,R19_45-54anys,R21_11000-16999,R22_semidens,R22_barcelona
1092,R18_dona,R19_25-34anys,R21_17000-24999,R22_semidens,R22_barcelona
1093,R18_dona,R19_55-64anys,R21_menys_11000,R22_semidens,R22_barcelona
1095,R18_dona,R19_16-24anys,R21_menys_11000,R22_rural,R22_lleida
1096,R18_dona,R19_25-34anys,R21_25000-35999,R22_semidens,R22_lleida
1097,R18_home,R19_45-54anys,R21_25000-35999,R22_semidens,R22_barcelona
1098,R18_dona,R19_16-24anys,R21_menys_11000,R22_semidens,R22_barcelona
1099,R18_home,R19_35-44anys,R21_36000-49999,R22_semidens,R22_barcelona
1101,R18_dona,R19_25-34anys,R21_menys_11000,R22_semidens,R22_barcelona
1102,R18_dona,R19_35-44anys,R21_36000-49999,R22_semidens,R22_barcelona
1103,R18_dona,R19_16-24anys,R21_menys_11000,R22_semidens,R22_barcelona
1104,R18_home,R19_55-64anys,R21_25000-35999,R22_semidens,R22_barcelona
1105,R18_home,R19_35-44anys,R21_50000_mes,R22_semidens,R22_barcelona
1106,R18_home,R19_45-54anys,R21_36000-49999,R22_rural,R22_lleida
1108,R18_home,R19_16-24anys,R21_menys_11000,R22_semidens,R22_barcelona
1109,R18_dona,R19_35-44anys,R21_17000-24999,R22_semidens,R22_lleida
1111,R18_home,R19_65anys_mes,R21_25000-35999,R22_semidens,R22_barcelona
1112,R18_dona,R19_35-44anys,R21_11000-16999,R22_semidens,R22_barcelona
1113,R18_dona,R19_35-44anys,R21_17000-24999,R22_semidens,R22_barcelona
1114,R18_home,R19_35-44anys,R21_17000-24999,R22_semidens,R22_girona
1115,R18_dona,R19_35-44anys,R21_36000-49999,R22_semidens,R22_barcelona
1116,R18_home,R19_25-34anys,R21_17000-24999,R22_rural,R22_barcelona
1117,R18_home,R19_45-54anys,R21_50000_mes,R22_semidens,R22_lleida
1118,R18_home,R19_55-64anys,R21_36000-49999,R22_semidens,R22_barcelona
1119,R18_home,R19_45-54anys,R21_25000-35999,R22_semidens,R22_barcelona
1120,R18_dona,R19_55-64anys,R21_17000-24999,R22_semidens,R22_barcelona
1121,R18_home,R19_45-54anys,R21_50000_mes,R22_semidens,R22_girona
1122,R18_dona,R19_45-54anys,R21_17000-24999,R22_rural,R22_lleida
1123,R18_dona,R19_35-44anys,R21_25000-35999,R22_rural,R22_lleida
1124,R18_dona,R19_45-54anys,R21_25000-35999,R22_semidens,R22_barcelona
1125,R18_dona,R19_25-34anys,R21_25000-35999,R22_semidens,R22_barcelona
1126,R18_dona,R19_55-64anys,R21_11000-16999,R22_semidens,R22_barcelona
1127,R18_home,R19_65anys_mes,R21_11000-16999,R22_semidens,R22_barcelona
1128,R18_dona,R19_16-24anys,R21_menys_11000,R22_semidens,R22_lleida
1129,R18_dona,R19_25-34anys,R21_11000-16999,R22_rural,R22_lleida
1130,R18_dona,R19_25-34anys,R21_25000-35999,R22_semidens,R22_tarragona
1131,R18_dona,R19_65anys_mes,R21_menys_11000,R22_semidens,R22_barcelona
1132,R18_dona,R19_35-44anys,R21_17000-24999,R22_semidens,R22_barcelona
1133,R18_dona,R19_16-24anys,R21_menys_11000,R22_semidens,R22_girona
1134,R18_dona,R19_16-24anys,R21_menys_11000,R22_semidens,R22_barcelona
1135,R18_dona,R19_25-34anys,R21_25000-35999,R22_semidens,R22_barcelona
1136,R18_dona,R19_35-44anys,R21_25000-35999,R22_semidens,R22_tarragona
1137,R18_dona,R19_35-44anys,R21_36000-49999,R22_semidens,R22_barcelona
1138,R18_dona,R19_25-34anys,R21_11000-16999,R22_semidens,R22_lleida
1141,R18_dona,R19_45-54anys,R21_11000-16999,R22_semidens,R22_barcelona
1142,R18_dona,R19_65anys_mes,R21_25000-35999,R22_rural,R22_barcelona
1143,R18_dona,R19_65anys_mes,R21_menys_11000,R22_semidens,R22_tarragona
1145,R18_dona,R19_16-24anys,R21_menys_11000,R22_semidens,R22_barcelona
1146,R18_home,R19_35-44anys,R21_36000-49999,R22_semidens,R22_barcelona
1147,R18_home,R19_55-64anys,R21_25000-35999,R22_rural,R22_lleida
1148,R18_dona,R19_45-54anys,R21_36000-49999,R22_semidens,R22_barcelona
1149,R18_home,R19_55-64anys,R21_17000-24999,R22_semidens,R22_barcelona
1150,R18_dona,R19_55-64anys,R21_25000-35999,R22_rural,R22_lleida
1151,R18_home,R19_35-44anys,R21_25000-35999,R22_semidens,R22_barcelona
1152,R18_home,R19_65anys_mes,R21_25000-35999,R22_semidens,R22_barcelona
1153,R18_dona,R19_45-54anys,R21_11000-16999,R22_semidens,R22_barcelona
1154,R18_dona,R19_35-44anys,R21_25000-35999,R22_rural,R22_barcelona
1155,R18_dona,R19_35-44anys,R21_25000-35999,R22_semidens,R22_barcelona
1156,R18_home,R19_35-44anys,R21_25000-35999,R22_semidens,R22_barcelona
1157,R18_dona,R19_45-54anys,R21_25000-35999,R22_semidens,R22_tarragona
1158,R18_home,R19_45-54anys,R21_25000-35999,R22_semidens,R22_barcelona
1159,R18_dona,R19_35-44anys,R21_25000-35999,R22_rural,R22_barcelona
1160,R18_dona,R19_35-44anys,R21_11000-16999,R22_urba,R22_barcelona
1161,R18_dona,R19_35-44anys,R21_17000-24999,R22_semidens,R22_tarragona
1162,R18_home,R19_16-24anys,R21_menys_11000,R22_semidens,R22_barcelona
1163,R18_dona,R19_55-64anys,R21_25000-35999,R22_semidens,R22_girona
1164,R18_dona,R19_65anys_mes,R21_menys_11000,R22_semidens,R22_girona
1165,R18_home,R19_65anys_mes,R21_11000-16999,R22_semidens,R22_girona
1166,R18_dona,R19_16-24anys,R21_menys_11000,R22_semidens,R22_girona
1167,R18_home,R19_45-54anys,R21_36000-49999,R22_rural,R22_girona
1168,R18_dona,R19_35-44anys,R21_25000-35999,R22_semidens,R22_tarragona
1169,R18_home,R19_45-54anys,R21_25000-35999,R22_urba,R22_girona
1170,R18_home,R19_16-24anys,R21_menys_11000,R22_semidens,R22_girona
1171,R18_home,R19_16-24anys,R21_menys_11000,R22_semidens,R22_girona
1172,R18_dona,R19_45-54anys,R21_36000-49999,R22_semidens,R22_barcelona
1174,R18_dona,R19_45-54anys,R21_36000-49999,R22_semidens,R22_girona
1175,R18_home,R19_45-54anys,R21_17000-24999,R22_semidens,R22_barcelona
1176,R18_home,R19_16-24anys,R21_menys_11000,R22_semidens,R22_girona
1177,R18_home,R19_45-54anys,R21_36000-49999,R22_semidens,R22_barcelona
1178,R18_home,R19_35-44anys,R21_25000-35999,R22_semidens,R22_girona
1179,R18_home,R19_45-54anys,R21_36000-49999,R22_rural,R22_girona
1180,R18_dona,R19_55-64anys,R21_25000-35999,R22_semidens,R22_tarragona
1181,R18_dona,R19_25-34anys,R21_25000-35999,R22_semidens,R22_barcelona
1182,R18_home,R19_65anys_mes,R21_17000-24999,R22_rural,R22_tarragona
1183,R18_dona,R19_55-64anys,R21_25000-35999,R22_urba,R22_girona
1184,R18_home,R19_55-64anys,R21_25000-35999,R22_semidens,R22_tarragona
1185,R18_dona,R19_45-54anys,R21_menys_11000,R22_semidens,R22_barcelona
1186,R18_dona,R19_35-44anys,R21_17000-24999,R22_semidens,R22_barcelona
1187,R18_dona,R19_35-44anys,R21_menys_11000,R22_semidens,R22_barcelona
1188,R18_home,R19_35-44anys,R21_25000-35999,R22_semidens,R22_barcelona
1189,R18_home,R19_45-54anys,R21_36000-49999,R22_semidens,R22_barcelona
1190,R18_home,R19_25-34anys,R21_50000_mes,R22_urba,R22_barcelona
1191,R18_dona,R19_45-54anys,R21_25000-35999,R22_semidens,R22_barcelona
1192,R18_dona,R19_35-44anys,R21_36000-49999,R22_semidens,R22_barcelona
1194,R18_dona,R19_35-44anys,R21_17000-24999,R22_semidens,R22_barcelona
1195,R18_dona,R19_55-64anys,R21_25000-35999,R22_semidens,R22_barcelona
1196,R18_home,R19_16-24anys,R21_25000-35999,R22_urba,R22_barcelona
1197,R18_dona,R19_35-44anys,R21_17000-24999,R22_urba,R22_barcelona
1198,R18_dona,R19_55-64anys,R21_17000-24999,R22_semidens,R22_barcelona
1199,R18_dona,R19_35-44anys,R21_25000-35999,R22_semidens,R22_barcelona
1200,R18_home,R19_55-64anys,R21_25000-35999,R22_semidens,R22_barcelona
1201,R18_home,R19_55-64anys,R21_25000-35999,R22_semidens,R22_barcelona
1202,R18_home,R19_65anys_mes,R21_25000-35999,R22_semidens,R22_barcelona
1203,R18_dona,R19_65anys_mes,R21_36000-49999,R22_semidens,R22_barcelona
1204,R18_dona,R19_65anys_mes,R21_25000-35999,R22_semidens,R22_barcelona
1206,R18_dona,R19_45-54anys,R21_36000-49999,R22_urba,R22_barcelona
1207,R18_dona,R19_55-64anys,R21_36000-49999,R22_semidens,R22_barcelona
1208,R18_dona,R19_45-54anys,R21_17000-24999,R22_semidens,R22_lleida
1209,R18_dona,R19_35-44anys,R21_25000-35999,R22_semidens,R22_lleida
1210,R18_dona,R19_35-44anys,R21_25000-35999,R22_semidens,R22_barcelona
1211,R18_dona,R19_45-54anys,R21_25000-35999,R22_urba,R22_barcelona
1212,R18_dona,R19_35-44anys,R21_25000-35999,R22_semidens,R22_barcelona
1213,R18_dona,R19_45-54anys,R21_25000-35999,R22_urba,R22_barcelona
1214,R18_dona,R19_45-54anys,R21_25000-35999,R22_semidens,R22_lleida
1215,R18_home,R19_35-44anys,R21_17000-24999,R22_urba,R22_barcelona
1216,R18_dona,R19_65anys_mes,R21_menys_11000,R22_semidens,R22_barcelona
1218,R18_dona,R19_35-44anys,R21_25000-35999,R22_urba,R22_barcelona
1219,R18_dona,R19_35-44anys,R21_36000-49999,R22_semidens,R22_barcelona
1220,R18_home,R19_65anys_mes,R21_36000-49999,R22_semidens,R22_barcelona
1221,R18_dona,R19_45-54anys,R21_17000-24999,R22_semidens,R22_tarragona
1222,R18_dona,R19_55-64anys,R21_17000-24999,R22_urba,R22_tarragona
1223,R18_dona,R19_45-54anys,R21_25000-35999,R22_semidens,R22_barcelona
1224,R18_dona,R19_35-44anys,R21_17000-24999,R22_semidens,R22_lleida
1225,R18_dona,R19_16-24anys,R21_menys_11000,R22_urba,R22_barcelona
1226,R18_dona,R19_16-24anys,R21_menys_11000,R22_urba,R22_barcelona
1227,R18_home,R19_16-24anys,R21_17000-24999,R22_urba,R22_barcelona
1228,R18_dona,R19_16-24anys,R21_menys_11000,R22_semidens,R22_barcelona
1229,R18_dona,R19_16-24anys,R21_menys_11000,R22_urba,R22_barcelona
1230,R18_home,R19_16-24anys,R21_menys_11000,R22_urba,R22_barcelona
1234,R18_dona,R19_16-24anys,R21_menys_11000,R22_urba,R22_barcelona
1235,R18_dona,R19_16-24anys,R21_menys_11000,R22_semidens,R22_barcelona
1236,R18_home,R19_16-24anys,R21_menys_11000,R22_urba,R22_barcelona
1237,R18_home,R19_16-24anys,R21_menys_11000,R22_semidens,R22_barcelona
1238,R18_dona,R19_16-24anys,R21_menys_11000,R22_semidens,R22_barcelona
1240,R18_home,R19_16-24anys,R21_menys_11000,R22_urba,R22_barcelona
1242,R18_dona,R19_16-24anys,R21_menys_11000,R22_urba,R22_barcelona
1243,R18_dona,R19_16-24anys,R21_menys_11000,R22_urba,R22_barcelona
1244,R18_dona,R19_16-24anys,R21_menys_11000,R22_urba,R22_barcelona
1246,R18_home,R19_16-24anys,R21_menys_11000,R22_urba,R22_barcelona
1247,R18_dona,R19_16-24anys,R21_11000-16999,R22_semidens,R22_barcelona
1248,R18_home,R19_16-24anys,R21_menys_11000,R22_urba,R22_tarragona
1251,R18_dona,R19_16-24anys,R21_menys_11000,R22_urba,R22_barcelona
1252,R18_dona,R19_16-24anys,R21_menys_11000,R22_urba,R22_barcelona
1253,R18_dona,R19_16-24anys,R21_menys_11000,R22_urba,R22_barcelona
1254,R18_dona,R19_16-24anys,R21_menys_11000,R22_urba,R22_barcelona
1255,R18_dona,R19_16-24anys,R21_menys_11000,R22_urba,R22_barcelona
1256,R18_dona,R19_16-24anys,R21_menys_11000,R22_semidens,R22_barcelona
1257,R18_dona,R19_16-24anys,R21_menys_11000,R22_urba,R22_barcelona
1258,R18_dona,R19_16-24anys,R21_menys_11000,R22_urba,R22_barcelona
1259,R18_dona,R19_16-24anys,R21_menys_11000,R22_urba,R22_barcelona
1260,R18_dona,R19_16-24anys,R21_menys_11000,R22_urba,R22_barcelona
1261,R18_dona,R19_16-24anys,R21_menys_11000,R22_semidens,R22_barcelona
1262,R18_home,R19_16-24anys,R21_menys_11000,R22_urba,R22_barcelona
1263,R18_dona,R19_16-24anys,R21_menys_11000,R22_urba,R22_barcelona
1264,R18_dona,R19_16-24anys,R21_menys_11000,R22_urba,R22_barcelona
1265,R18_dona,R19_16-24anys,R21_menys_11000,R22_urba,R22_barcelona
1266,R18_home,R19_16-24anys,R21_menys_11000,R22_urba,R22_barcelona
1267,R18_home,R19_16-24anys,R21_menys_11000,R22_urba,R22_barcelona
1268,R18_dona,R19_16-24anys,R21_menys_11000,R22_urba,R22_barcelona
1269,R18_home,R19_16-24anys,R21_menys_11000,R22_urba,R22_barcelona
1270,R18_home,R19_16-24anys,R21_menys_11000,R22_urba,R22_barcelona
1271,R18_home,R19_16-24anys,R21_menys_11000,R22_urba,R22_barcelona
1272,R18_dona,R19_16-24anys,R21_menys_11000,R22_urba,R22_barcelona
1273,R18_dona,R19_16-24anys,R21_menys_11000,R22_urba,R22_barcelona
1274,R18_dona,R19_16-24anys,R21_menys_11000,R22_urba,R22_barcelona
1275,R18_dona,R19_16-24anys,R21_menys_11000,R22_semidens,R22_barcelona
1276,R18_dona,R19_16-24anys,R21_menys_11000,R22_semidens,R22_barcelona
1277,R18_home,R19_25-34anys,R21_menys_11000,R22_urba,R22_barcelona
1278,R18_dona,R19_16-24anys,R21_11000-16999,R22_semidens,R22_barcelona
1279,R18_dona,R19_55-64anys,R21_25000-35999,R22_urba,R22_barcelona
1280,R18_home,R19_16-24anys,R21_menys_11000,R22_semidens,R22_lleida
1281,R18_home,R19_25-34anys,R21_25000-35999,R22_urba,R22_barcelona
1282,R18_home,R19_55-64anys,R21_25000-35999,R22_urba,R22_barcelona
1283,R18_dona,R19_45-54anys,R21_36000-49999,R22_semidens,R22_barcelona
1284,R18_dona,R19_45-54anys,R21_11000-16999,R22_urba,R22_barcelona
1286,R18_dona,R19_16-24anys,R21_menys_11000,R22_semidens,R22_lleida
1288,R18_dona,R19_16-24anys,R21_menys_11000,R22_semidens,R22_barcelona
1289,R18_home,R19_16-24anys,R21_menys_11000,R22_urba,R22_barcelona
1290,R18_home,R19_25-34anys,R21_menys_11000,R22_urba,R22_barcelona
1291,R18_dona,R19_16-24anys,R21_menys_11000,R22_semidens,R22_barcelona
1293,R18_dona,R19_25-34anys,R21_11000-16999,R22_urba,R22_barcelona
1295,R18_dona,R19_16-24anys,R21_menys_11000,R22_urba,R22_barcelona
1296,R18_dona,R19_16-24anys,R21_menys_11000,R22_urba,R22_barcelona
1298,R18_home,R19_16-24anys,R21_menys_11000,R22_urba,R22_barcelona
1299,R18_dona,R19_65anys_mes,R21_11000-16999,R22_urba,R22_barcelona
1300,R18_dona,R19_55-64anys,R21_11000-16999,R22_urba,R22_barcelona
1302,R18_home,R19_55-64anys,R21_50000_mes,R22_urba,R22_barcelona
1303,R18_dona,R19_45-54anys,R21_17000-24999,R22_semidens,R22_barcelona
1304,R18_dona,R19_55-64anys,R21_25000-35999,R22_urba,R22_barcelona
1305,R18_home,R19_25-34anys,R21_36000-49999,R22_rural,R22_lleida
1306,R18_home,R19_55-64anys,R21_50000_mes,R22_urba,R22_barcelona
1307,R18_home,R19_25-34anys,R21_17000-24999,R22_rural,R22_tarragona
1308,R18_home,R19_65anys_mes,R21_11000-16999,R22_rural,R22_tarragona
1309,R18_dona,R19_55-64anys,R21_25000-35999,R22_semidens,R22_barcelona
1310,R18_dona,R19_35-44anys,R21_17000-24999,R22_rural,R22_tarragona
1311,R18_home,R19_55-64anys,R21_11000-16999,R22_urba,R22_barcelona
1312,R18_home,R19_45-54anys,R21_25000-35999,R22_rural,R22_girona
1313,R18_dona,R19_45-54anys,R21_17000-24999,R22_urba,R22_barcelona
1314,R18_dona,R19_25-34anys,R21_11000-16999,R22_urba,R22_barcelona
1315,R18_dona,R19_55-64anys,R21_25000-35999,R22_urba,R22_barcelona
1316,R18_home,R19_65anys_mes,R21_50000_mes,R22_urba,R22_barcelona
1317,R18_dona,R19_55-64anys,R21_25000-35999,R22_urba,R22_barcelona
1318,R18_dona,R19_45-54anys,R21_25000-35999,R22_urba,R22_barcelona
1319,R18_home,R19_65anys_mes,R21_25000-35999,R22_semidens,R22_barcelona
1324,R18_dona,R19_45-54anys,R21_17000-24999,R22_urba,R22_barcelona
1325,R18_home,R19_55-64anys,R21_25000-35999,R22_urba,R22_barcelona
1326,R18_home,R19_25-34anys,R21_50000_mes,R22_rural,R22_tarragona
1327,R18_home,R19_55-64anys,R21_25000-35999,R22_rural,R22_lleida
1328,R18_home,R19_45-54anys,R21_36000-49999,R22_semidens,R22_lleida
1329,R18_home,R19_45-54anys,R21_25000-35999,R22_semidens,R22_lleida
1330,R18_dona,R19_35-44anys,R21_25000-35999,R22_rural,R22_lleida
1331,R18_home,R19_35-44anys,R21_50000_mes,R22_rural,R22_lleida
1332,R18_dona,R19_45-54anys,R21_36000-49999,R22_rural,R22_tarragona
1333,R18_home,R19_35-44anys,R21_17000-24999,R22_rural,R22_lleida
1334,R18_dona,R19_55-64anys,R21_25000-35999,R22_semidens,R22_tarragona
1335,R18_dona,R19_35-44anys,R21_25000-35999,R22_rural,R22_girona
1336,R18_home,R19_35-44anys,R21_17000-24999,R22_rural,R22_girona
1337,R18_home,R19_65anys_mes,R21_menys_11000,R22_rural,R22_barcelona
1338,R18_dona,R19_65anys_mes,R21_36000-49999,R22_rural,R22_barcelona
1339,R18_dona,R19_45-54anys,R21_50000_mes,R22_rural,R22_barcelona
1340,R18_home,R19_55-64anys,R21_25000-35999,R22_rural,R22_barcelona
1341,R18_dona,R19_55-64anys,R21_36000-49999,R22_semidens,R22_barcelona
1342,R18_dona,R19_16-24anys,R21_11000-16999,R22_rural,R22_barcelona
1343,R18_dona,R19_16-24anys,R21_menys_11000,R22_urba,R22_barcelona
1344,R18_home,R19_16-24anys,R21_menys_11000,R22_urba,R22_barcelona
1346,R18_dona,R19_16-24anys,R21_menys_11000,R22_semidens,R22_barcelona
1347,R18_home,R19_16-24anys,R21_menys_11000,R22_urba,R22_barcelona
1348,R18_dona,R19_16-24anys,R21_11000-16999,R22_urba,R22_barcelona
1349,R18_dona,R19_16-24anys,R21_menys_11000,R22_urba,R22_barcelona
1350,R18_dona,R19_16-24anys,R21_menys_11000,R22_urba,R22_barcelona
1351,R18_dona,R19_16-24anys,R21_menys_11000,R22_urba,R22_barcelona
1352,R18_dona,R19_16-24anys,R21_menys_11000,R22_urba,R22_barcelona
1353,R18_dona,R19_16-24anys,R21_menys_11000,R22_semidens,R22_barcelona
1354,R18_home,R19_16-24anys,R21_menys_11000,R22_semidens,R22_barcelona
1355,R18_dona,R19_16-24anys,R21_menys_11000,R22_urba,R22_barcelona
1356,R18_home,R19_16-24anys,R21_menys_11000,R22_urba,R22_barcelona
1357,R18_dona,R19_16-24anys,R21_menys_11000,R22_urba,R22_barcelona
1358,R18_dona,R19_16-24anys,R21_menys_11000,R22_urba,R22_barcelona
1359,R18_dona,R19_16-24anys,R21_menys_11000,R22_urba,R22_barcelona
1360,R18_dona,R19_16-24anys,R21_menys_11000,R22_urba,R22_barcelona
1361,R18_dona,R19_45-54anys,R21_36000-49999,R22_rural,R22_tarragona
1362,R18_dona,R19_16-24anys,R21_menys_11000,R22_rural,R22_lleida
1364,R18_dona,R19_25-34anys,R21_17000-24999,R22_semidens,R22_lleida
1365,R18_dona,R19_45-54anys,R21_36000-49999,R22_rural,R22_barcelona
1366,R18_dona,R19_45-54anys,R21_25000-35999,R22_rural,R22_barcelona
1367,R18_dona,R19_55-64anys,R21_11000-16999,R22_rural,R22_barcelona
1368,R18_dona,R19_45-54anys,R21_25000-35999,R22_rural,R22_tarragona
1369,R18_dona,R19_55-64anys,R21_17000-24999,R22_rural,R22_tarragona
1370,R18_home,R19_55-64anys,R21_36000-49999,R22_rural,R22_barcelona
1371,R18_home,R19_55-64anys,R21_50000_mes,R22_urba,R22_barcelona
1372,R18_dona,R19_65anys_mes,R21_36000-49999,R22_rural,R22_barcelona
1374,R18_dona,R19_65anys_mes,R21_25000-35999,R22_rural,R22_barcelona
1375,R18_dona,R19_65anys_mes,R21_36000-49999,R22_rural,R22_barcelona
1376,R18_dona,R19_45-54anys,R21_50000_mes,R22_rural,R22_barcelona
1377,R18_dona,R19_45-54anys,R21_36000-49999,R22_rural,R22_tarragona
1379,R18_home,R19_45-54anys,R21_17000-24999,R22_rural,R22_barcelona
1380,R18_dona,R19_45-54anys,R21_17000-24999,R22_rural,R22_barcelona
1382,R18_dona,R19_55-64anys,R21_36000-49999,R22_rural,R22_barcelona
1383,R18_home,R19_55-64anys,R21_50000_mes,R22_semidens,R22_barcelona
1384,R18_home,R19_45-54anys,R21_50000_mes,R22_semidens,R22_tarragona
1385,R18_home,R19_55-64anys,R21_11000-16999,R22_urba,R22_lleida
1386,R18_home,R19_65anys_mes,R21_36000-49999,R22_semidens,R22_lleida
1387,R18_dona,R19_35-44anys,R21_36000-49999,R22_semidens,R22_lleida
1389,R18_dona,R19_16-24anys,R21_menys_11000,R22_semidens,R22_lleida
1390,R18_dona,R19_16-24anys,R21_menys_11000,R22_rural,R22_lleida
1391,R18_dona,R19_16-24anys,R21_11000-16999,R22_rural,R22_lleida
1392,R18_dona,R19_45-54anys,R21_50000_mes,R22_rural,R22_lleida
1393,R18_home,R19_25-34anys,R21_17000-24999,R22_rural,R22_lleida
1394,R18_dona,R19_16-24anys,R21_menys_11000,R22_rural,R22_lleida
1395,R18_dona,R19_16-24anys,R21_menys_11000,R22_urba,R22_lleida
1396,R18_dona,R19_16-24anys,R21_menys_11000,R22_urba,R22_tarragona
1397,R18_home,R19_16-24anys,R21_menys_11000,R22_semidens,R22_tarragona
1398,R18_dona,R19_16-24anys,R21_menys_11000,R22_semidens,R22_girona
1399,R18_dona,R19_25-34anys,R21_17000-24999,R22_urba,R22_girona
1400,R18_home,R19_16-24anys,R21_menys_11000,R22_semidens,R22_girona
1401,R18_dona,R19_16-24anys,R21_11000-16999,R22_semidens,R22_girona
1402,R18_home,R19_16-24anys,R21_11000-16999,R22_semidens,R22_girona
1403,R18_dona,R19_45-54anys,R21_11000-16999,R22_semidens,R22_girona
1404,R18_dona,R19_35-44anys,R21_11000-16999,R22_semidens,R22_girona
1405,R18_dona,R19_16-24anys,R21_menys_11000,R22_urba,R22_girona
1406,R18_home,R19_16-24anys,R21_menys_11000,R22_urba,R22_barcelona
1407,R18_dona,R19_35-44anys,R21_17000-24999,R22_semidens,R22_girona
1408,R18_dona,R19_16-24anys,R21_menys_11000,R22_urba,R22_barcelona
1409,R18_dona,R19_16-24anys,R21_menys_11000,R22_semidens,R22_girona
1410,R18_dona,R19_16-24anys,R21_menys_11000,R22_urba,R22_barcelona
1411,R18_dona,R19_16-24anys,R21_menys_11000,R22_semidens,R22_barcelona
1412,R18_dona,R19_16-24anys,R21_menys_11000,R22_semidens,R22_barcelona
1413,R18_home,R19_16-24anys,R21_25000-35999,R22_semidens,R22_girona
1414,R18_home,R19_25-34anys,R21_11000-16999,R22_semidens,R22_barcelona
1415,R18_dona,R19_16-24anys,R21_menys_11000,R22_urba,R22_barcelona
1416,R18_dona,R19_16-24anys,R21_menys_11000,R22_urba,R22_barcelona
1417,R18_home,R19_16-24anys,R21_menys_11000,R22_urba,R22_barcelona
1418,R18_home,R19_16-24anys,R21_menys_11000,R22_semidens,R22_barcelona
1419,R18_home,R19_16-24anys,R21_menys_11000,R22_urba,R22_barcelona
1420,R18_dona,R19_16-24anys,R21_menys_11000,R22_urba,R22_barcelona
1421,R18_dona,R19_45-54anys,R21_36000-49999,R22_urba,R22_barcelona
1422,R18_home,R19_16-24anys,R21_menys_11000,R22_urba,R22_barcelona
1423,R18_dona,R19_16-24anys,R21_menys_11000,R22_urba,R22_barcelona
1424,R18_dona,R19_25-34anys,R21_17000-24999,R22_urba,R22_barcelona
1425,R18_home,R19_16-24anys,R21_menys_11000,R22_semidens,R22_barcelona
1426,R18_dona,R19_16-24anys,R21_menys_11000,R22_urba,R22_barcelona
1427,R18_dona,R19_16-24anys,R21_menys_11000,R22_urba,R22_barcelona
1428,R18_dona,R19_16-24anys,R21_menys_11000,R22_urba,R22_barcelona
1429,R18_dona,R19_16-24anys,R21_menys_11000,R22_semidens,R22_barcelona
1430,R18_dona,R19_16-24anys,R21_menys_11000,R22_urba,R22_barcelona
1431,R18_dona,R19_16-24anys,R21_11000-16999,R22_urba,R22_barcelona
1432,R18_dona,R19_16-24anys,R21_menys_11000,R22_urba,R22_barcelona
1433,R18_dona,R19_16-24anys,R21_menys_11000,R22_semidens,R22_girona
1434,R18_home,R19_16-24anys,R21_menys_11000,R22_semidens,R22_barcelona
1436,R18_dona,R19_16-24anys,R21_menys_11000,R22_semidens,R22_barcelona
1437,R18_dona,R19_16-24anys,R21_menys_11000,R22_semidens,R22_barcelona
1438,R18_dona,R19_16-24anys,R21_menys_11000,R22_urba,R22_barcelona
1439,R18_dona,R19_16-24anys,R21_menys_11000,R22_urba,R22_barcelona
1440,R18_dona,R19_16-24anys,R21_menys_11000,R22_semidens,R22_barcelona
1441,R18_dona,R19_16-24anys,R21_menys_11000,R22_urba,R22_barcelona
1442,R18_dona,R19_16-24anys,R21_menys_11000,R22_urba,R22_barcelona
1443,R18_dona,R19_16-24anys,R21_menys_11000,R22_rural,R22_barcelona
1444,R18_home,R19_16-24anys,R21_menys_11000,R22_semidens,R22_barcelona
1445,R18_dona,R19_16-24anys,R21_11000-16999,R22_urba,R22_barcelona
1446,R18_home,R19_25-34anys,R21_25000-35999,R22_rural,R22_barcelona
1447,R18_dona,R19_16-24anys,R21_menys_11000,R22_urba,R22_barcelona
1448,R18_dona,R19_45-54anys,R21_11000-16999,R22_semidens,R22_girona
1449,R18_dona,R19_25-34anys,R21_25000-35999,R22_semidens,R22_girona
1450,R18_dona,R19_45-54anys,R21_17000-24999,R22_semidens,R22_girona
1451,R18_home,R19_25-34anys,R21_menys_11000,R22_semidens,R22_tarragona
1452,R18_dona,R19_16-24anys,R21_menys_11000,R22_semidens,R22_barcelona
1453,R18_dona,R19_16-24anys,R21_menys_11000,R22_urba,R22_barcelona
1454,R18_dona,R19_16-24anys,R21_menys_11000,R22_urba,R22_barcelona
1455,R18_dona,R19_16-24anys,R21_menys_11000,R22_urba,R22_girona
1456,R18_dona,R19_16-24anys,R21_menys_11000,R22_semidens,R22_girona
1457,R18_dona,R19_16-24anys,R21_menys_11000,R22_rural,R22_girona
1458,R18_dona,R19_25-34anys,R21_17000-24999,R22_urba,R22_girona
